from,to,line,time_min
4·19민주묘지,솔밭공원,우이신설,1.8
4·19민주묘지,가오리,우이신설,1.8
가능,녹양,1,2.7
가능,의정부,1,2.7
가락시장,수서,3,2.4
가락시장,경찰병원,3,2.4
가락시장,송파,8,2.3
가락시장,문정,8,2.3
가산디지털단지,구로,1,2.7
가산디지털단지,독산,1,2.7
가산디지털단지,남구로,7,2.4
가산디지털단지,철산,7,2.4
가야,부암,부산2,2.3
가야,동의대,부산2,2.3
가양,양천향교,9,2.7
가양,증미,9,2.7
가오리,4·19민주묘지,우이신설,1.8
가오리,화계,우이신설,1.8
가좌,디지털미디어시티,경의중앙,3.0
가좌,신촌(경의),경의중앙,3.0
가천대,복정,수인분당,3.0
가천대,태평,수인분당,3.0
가평,상천,경춘,3.5
가평,굴봉산,경춘,3.5
가평,가평버스터미널,버스환승,5.0
가평버스터미널,강변,고속버스,80.0
가평버스터미널,상봉,고속버스,75.0
가평버스터미널,춘천,고속버스,60.0
가평버스터미널,홍천버스터미널,고속버스,75.0
가평버스터미널,양평_KTX,고속버스,80.0
가평버스터미널,가평,버스환승,5.0
각산,방촌,대구1,2.3
각산,안심,대구1,2.3
간석,동암,1,2.7
간석,주안,1,2.7
갈마,정부청사(대전),대전1,2.5
갈마,월평,대전1,2.5
갈매,신내,경춘,3.5
갈매,별내,경춘,3.5
감삼,죽전(대구),대구1,2.3
감삼,두류,대구1,2.3
감전,주례,부산2,2.3
감전,사상,부산2,2.3
강경,연산,무궁화,8.18
강경,함열,무궁화,17.79
강남,역삼,2,2.3
강남,교대,2,2.3
강남,신논현,신분당,4.5
강남,양재,신분당,4.5
강남,일산,광역버스,65.0
강남,파주버스터미널,광역버스,90.0
강남,안산,광역버스,60.0
강남,군포,광역버스,40.0
강남,광명,광역버스,35.0
강남,용인버스터미널,광역버스,40.0
강남,기흥,광역버스,35.0
강남,광주버스터미널(경기),광역버스,55.0
강남,이천버스터미널,광역버스,75.0
강남,여주버스터미널,광역버스,95.0
강남,안성버스터미널,광역버스,85.0
강남,부천,광역버스,50.0
강남,인천,광역버스,60.0
강남,부평,광역버스,55.0
강남,동탄버스환승센터,광역버스,45.0
강남,오산,광역버스,75.0
강남,천안,광역버스,85.0
강남,아산,광역버스,105.0
강남구청,청담,7,2.4
강남구청,학동,7,2.4
강남구청,압구정로데오,수인분당,3.0
강남구청,선정릉,수인분당,3.0
강동,천호,5,2.3
강동,길동,5,2.3
강동,둔촌동,5,2.3
강동구청,천호,8,2.3
강동구청,몽촌토성,8,2.3
강릉_KTX,진부_KTX,KTX,19
강릉_KTX,서울_KTX,KTX,106
강릉_KTX,강릉버스터미널,도보,15.0
강릉버스터미널,강변,고속버스,165.0
강릉버스터미널,상봉,고속버스,160.0
강릉버스터미널,원주,고속버스,95.0
강릉버스터미널,속초버스터미널,고속버스,65.0
강릉버스터미널,삼척버스터미널,고속버스,65.0
강릉버스터미널,태백버스터미널,고속버스,95.0
강릉버스터미널,홍천버스터미널,고속버스,95.0
강릉버스터미널,양양버스터미널,고속버스,65.0
강릉버스터미널,강릉_KTX,도보,15.0
강릉버스터미널,속초버스터미널,광역버스,70.0
강매,행신,경의중앙,3.0
강매,화전,경의중앙,3.0
강변,구의,2,2.3
강변,잠실나루,2,2.3
강변,춘천,고속버스,105.0
강변,원주,고속버스,115.0
강변,강릉버스터미널,고속버스,165.0
강변,속초버스터미널,고속버스,170.0
강변,삼척버스터미널,고속버스,210.0
강변,태백버스터미널,고속버스,225.0
강변,충주,고속버스,130.0
강변,노포,고속버스,295.0
강변,가평버스터미널,고속버스,80.0
강변,홍천버스터미널,고속버스,115.0
강변,양양버스터미널,고속버스,190.0
강변,원주버스터미널,고속버스,105.0
강변,충주버스터미널,고속버스,120.0
강변,제천버스터미널,고속버스,135.0
강변,하남풍산,광역버스,23.0
강서구청,대저,부산3,2.0
강서구청,체육공원,부산3,2.0
강서구청(3),구포(부산),부산3,2.0
강서구청(3),대저(3),부산3,2.0
강일,상일동,5,2.3
강일,미사,5,2.3
강창,영대병원,대구1,2.3
강창,계명대,대구1,2.3
강창(2),대실,대구2,2.4
강창(2),계명대(2),대구2,2.4
강촌,백양리,경춘,3.5
강촌,김유정,경춘,3.5
개금,동의대,부산2,2.3
개금,냉정,부산2,2.3
개롱,오금,5,2.3
개롱,거여,5,2.3
개봉,구일,1,2.7
개봉,오류동,1,2.7
개포동,구룡,수인분당,3.0
개포동,대모산입구,수인분당,3.0
개화,김포공항,9,2.7
개화산,방화,5,2.3
개화산,김포공항,5,2.3
거여,개롱,5,2.3
거여,마천,5,2.3
거제버스터미널,고속터미널,고속버스,315.0
거제버스터미널,남부터미널,고속버스,305.0
거제버스터미널,노포,고속버스,100.0
거제버스터미널,마산버스터미널,고속버스,85.0
거제버스터미널,진주버스터미널,고속버스,90.0
거제버스터미널,통영버스터미널,고속버스,50.0
거제해맞이,부전(동해),동해선,3.5
거제해맞이,교대(동해),동해선,3.5
건대입구,성수,2,2.3
건대입구,구의,2,2.3
건대입구,어린이대공원,7,2.4
건대입구,뚝섬유원지,7,2.4
건들바위,명덕,대구3,2.2
건들바위,수성시장,대구3,2.2
걸포북변,운양,김포골드,2.0
걸포북변,사우,김포골드,2.0
검암,계양,공항,4.0
검암,청라국제도시,공항,4.0
경대병원,반월당(2),대구2,2.4
경대병원,대구은행,대구2,2.4
경마공원,선바위,4,2.6
경마공원,대공원,4,2.6
경복궁,독립문,3,2.4
경복궁,안국,3,2.4
경산,동대구_KTX,무궁화,10.15
경산,경주,무궁화,37.42
경산,동대구_KTX,무궁화,10.15
경산,경주,무궁화,37.42
경산,동대구_KTX,새마을,7.1
경산,경주,새마을,26.2
경산,동대구_KTX,버스환승,28.0
경산,동대구,광역버스,25.0
경성대·부경대,남천,부산2,2.3
경성대·부경대,대연,부산2,2.3
경주,경산,무궁화,37.42
경주,삼랑진,무궁화,58.8
경주,경산,무궁화,37.42
경주,포항_KTX,무궁화,22.43
경주,묵호,무궁화,161.17
경주,경산,새마을,26.2
경주,삼랑진,새마을,41.16
경주,신경주_KTX,버스환승,25.0
경주,경주버스터미널,버스환승,5.0
경주버스터미널,고속터미널,고속버스,250.0
경주버스터미널,동대구,고속버스,65.0
경주버스터미널,노포,고속버스,70.0
경주버스터미널,포항버스터미널,고속버스,75.0
경주버스터미널,울산고속버스터미널,고속버스,55.0
경주버스터미널,마산버스터미널,고속버스,90.0
경주버스터미널,신경주_KTX,버스환승,20.0
경주버스터미널,경주,버스환승,5.0
경찰병원,가락시장,3,2.4
경찰병원,오금,3,2.4
계명대,강창,대구1,2.3
계명대,성서산업단지,대구1,2.3
계명대(2),강창(2),대구2,2.4
계명대(2),두류(2),대구2,2.4
계양,김포공항,공항,4.0
계양,검암,공항,4.0
고덕,명일,5,2.3
고덕,상일동,5,2.3
고려대,안암,6,2.3
고려대,월곡,6,2.3
고산,담티,대구2,2.4
고산,신매,대구2,2.4
고색,수원,수인분당,3.0
고색,오목천,수인분당,3.0
고속터미널,잠원,3,2.4
고속터미널,교대,3,2.4
고속터미널,반포,7,2.4
고속터미널,내방,7,2.4
고속터미널,신반포,9,2.7
고속터미널,사평,9,2.7
고속터미널,수원,고속버스,65.0
고속터미널,천안,고속버스,105.0
고속터미널,세종터미널,고속버스,115.0
고속터미널,대전복합터미널,고속버스,125.0
고속터미널,유성버스터미널,고속버스,125.0
고속터미널,청주,고속버스,100.0
고속터미널,충주,고속버스,165.0
고속터미널,전주버스터미널,고속버스,170.0
고속터미널,군산버스터미널,고속버스,190.0
고속터미널,양동시장,고속버스,215.0
고속터미널,목포버스터미널,고속버스,275.0
고속터미널,순천버스터미널,고속버스,285.0
고속터미널,여수버스터미널,고속버스,310.0
고속터미널,노포,고속버스,280.0
고속터미널,사상,고속버스,285.0
고속터미널,동대구,고속버스,230.0
고속터미널,안동버스터미널,고속버스,265.0
고속터미널,진주버스터미널,고속버스,285.0
고속터미널,통영버스터미널,고속버스,310.0
고속터미널,거제버스터미널,고속버스,315.0
고속터미널,경주버스터미널,고속버스,250.0
고속터미널,구미버스터미널,고속버스,210.0
고속터미널,포항버스터미널,고속버스,270.0
고속터미널,보령버스터미널,고속버스,180.0
고속터미널,당진버스터미널,고속버스,145.0
고속터미널,울산고속버스터미널,고속버스,215.0
고속터미널,원주버스터미널,고속버스,115.0
고속터미널,충주버스터미널,고속버스,135.0
고속터미널,제천버스터미널,고속버스,160.0
고속터미널,창원종합버스터미널,고속버스,295.0
고속터미널,광주버스터미널,고속버스,230.0
고속터미널,익산버스터미널,고속버스,190.0
고속터미널,수원,광역버스,40.0
고속터미널,안양,광역버스,30.0
고속터미널,홍성,광역버스,135.0
고잔,중앙,4,2.6
고잔,초지,4,2.6
고잔,중앙,수인분당,3.0
고잔,초지,수인분당,3.0
고촌,풍무,김포골드,2.0
고촌,김포공항,김포골드,2.0
고촌(부산),윗반송,부산4,2.0
고촌(부산),안평,부산4,2.0
고한,사북,무궁화,5.0
곡산,백마,경의중앙,3.0
곡산,대곡,경의중앙,3.0
곡성_KTX,남원_KTX,KTX,16
곡성_KTX,구례구_KTX,KTX,13
곡성_KTX,남원_KTX,무궁화,13.84
곡성_KTX,구례구_KTX,무궁화,16.64
공단,팔거,대구3,2.2
공단,만평,대구3,2.2
공덕,마포,5,2.3
공덕,애오개,5,2.3
공덕,대흥,6,2.3
공덕,효창공원앞,6,2.3
공덕,서울역,공항,4.0
공덕,홍대입구,공항,4.0
공덕,서강대,경의중앙,3.0
공덕,효창공원앞,경의중앙,3.0
공릉,하계,7,2.4
공릉,태릉입구,7,2.4
공주_KTX,오송_KTX,KTX,13
공주_KTX,익산_KTX,KTX,18
공주_KTX,오송_KTX,KTX,13
공주_KTX,익산_KTX,KTX,18
공항,김대중컨벤션센터,광주1,2.5
공항,양동시장,광주1,2.5
공항(광주),쌍암,광주1,2.5
공항(광주),송정리,광주1,2.5
공항시장,김포공항,9,2.7
공항시장,신방화,9,2.7
공항화물청사,운서,공항,4.0
공항화물청사,인천공항1터미널,공항,4.0
과천,대공원,4,2.6
과천,정부과천청사,4,2.6
과천,사당,광역버스,13.0
관악,석수,1,2.7
관악,안양,1,2.7
관악산,서울대벤처타운,신림,1.8
광교,광교중앙,신분당,4.5
광교중앙,상현,신분당,4.5
광교중앙,광교,신분당,4.5
광나루,아차산,5,2.3
광나루,천호,5,2.3
광명,금천구청,1,2.7
광명,석수,1,2.7
광명,광명_KTX,KTX_TRANSFER,15.0
광명,강남,광역버스,35.0
광명_KTX,서울_KTX,KTX,8
광명_KTX,천안아산_KTX,KTX,27
광명_KTX,대전_KTX,KTX,48
광명_KTX,동대구_KTX,KTX,95
광명_KTX,부산_KTX,KTX,140
광명_KTX,대전_KTX,KTX,48
광명_KTX,광명,KTX_TRANSFER,15.0
광명_KTX,부천터미널소풍,버스환승,136.0
광명사거리,철산,7,2.4
광명사거리,천왕,7,2.4
광안,수영,부산2,2.3
광안,금련산,부산2,2.3
광양,하동,무궁화,13.27
광양,순천_KTX,무궁화,14.95
광운대,월계,1,2.7
광운대,석계,1,2.7
광운대,상봉,경춘,3.5
광주버스터미널,고속터미널,고속버스,230.0
광주버스터미널,대전복합터미널,고속버스,115.0
광주버스터미널,익산버스터미널,고속버스,70.0
광주버스터미널,광주송정_KTX,버스환승,35.0
광주버스터미널,광주송정_KTX,광역버스,30.0
광주버스터미널(경기),강남,광역버스,55.0
광주버스터미널(경기),잠실,광역버스,50.0
광주송정(지하철),송정리,광주1,2.5
광주송정(지하철),도산,광주1,2.5
광주송정(지하철),광주송정_KTX,KTX_TRANSFER,10.0
광주송정_KTX,정읍_KTX,KTX,17
광주송정_KTX,나주_KTX,KTX,9
광주송정_KTX,정읍_KTX,KTX,17
광주송정_KTX,나주_KTX,KTX,9
광주송정_KTX,서울_KTX,KTX,110
광주송정_KTX,오송_KTX,KTX,65
광주송정_KTX,수서_SRT,KTX,90
광주송정_KTX,동탄_SRT,KTX,71
광주송정_KTX,정읍_KTX,무궁화,41.22
광주송정_KTX,나주_KTX,무궁화,12.28
광주송정_KTX,정읍_KTX,새마을,28.85
광주송정_KTX,목포_KTX,새마을,31.99
광주송정_KTX,광주송정(지하철),KTX_TRANSFER,10.0
광주송정_KTX,광주버스터미널,버스환승,35.0
광주송정_KTX,광주버스터미널,광역버스,30.0
광주역,양동시장,광주1,2.5
광주역,문화전당,광주1,2.5
광화문,서대문,5,2.3
광화문,종로3가,5,2.3
광흥창,상수,6,2.3
광흥창,대흥,6,2.3
괴정,사하,부산1,2.2
괴정,대티,부산1,2.2
교대,강남,2,2.3
교대,서초,2,2.3
교대,고속터미널,3,2.4
교대,남부터미널,3,2.4
교대(동해),거제해맞이,동해선,3.5
교대(동해),동래(동해),동해선,3.5
교대(동해),교대(부산),환승,5.0
교대(부산),연산(부산),부산1,2.2
교대(부산),동래,부산1,2.2
교대(부산),교대(동해),환승,5.0
구남,모라,부산2,2.3
구남,구명,부산2,2.3
구래,양촌,김포골드,2.0
구래,마산,김포골드,2.0
구례구_KTX,곡성_KTX,KTX,13
구례구_KTX,순천_KTX,KTX,11
구례구_KTX,곡성_KTX,무궁화,16.64
구례구_KTX,순천_KTX,무궁화,20.92
구로,신도림,1,2.7
구로,구일,1,2.7
구로,가산디지털단지,1,2.7
구로디지털단지,신대방,2,2.3
구로디지털단지,대림,2,2.3
구룡,도곡,수인분당,3.0
구룡,개포동,수인분당,3.0
구리,동구릉,8,2.3
구리,장자호수공원,8,2.3
구리,양원,경의중앙,3.0
구리,도농,경의중앙,3.0
구명,구남,부산2,2.3
구명,덕천,부산2,2.3
구미,김천,무궁화,17.91
구미,왜관,무궁화,14.2
구미,김천,새마을,12.54
구미,동대구_KTX,새마을,22.2
구미,구미버스터미널,버스환승,5.0
구미,김천구미_KTX,버스환승,66.0
구미,동대구,광역버스,45.0
구미버스터미널,고속터미널,고속버스,210.0
구미버스터미널,동대구,고속버스,60.0
구미버스터미널,영주_KTX,고속버스,95.0
구미버스터미널,대전복합터미널,고속버스,125.0
구미버스터미널,김천구미_KTX,버스환승,30.0
구미버스터미널,구미,버스환승,5.0
구반포,동작,9,2.7
구반포,신반포,9,2.7
구산,연신내,6,2.3
구산,응암,6,2.3
구서,두실,부산1,2.2
구서,장전,부산1,2.2
구성,보정,수인분당,3.0
구성,신갈,수인분당,3.0
구암,칠곡운암,대구3,2.2
구암,태전,대구3,2.2
구암(대전),유성온천,대전1,2.5
구암(대전),현충원,대전1,2.5
구암(대전),유성버스터미널,버스환승,5.0
구암(대전),세종정부청사BRT,광역버스,30.0
구암(대전),오송버스환승센터,광역버스,40.0
구의,건대입구,2,2.3
구의,강변,2,2.3
구일,구로,1,2.7
구일,개봉,1,2.7
구파발,지축,3,2.4
구파발,연신내,3,2.4
구포,물금,무궁화,10.23
구포,부산_KTX,무궁화,8.54
구포,삼랑진,새마을,19.32
구포,부산_KTX,새마을,5.98
구포,부산_KTX,버스환승,42.0
구포(부산),덕천(3),부산3,2.0
구포(부산),강서구청(3),부산3,2.0
국수,신원,경의중앙,3.0
국수,아신,경의중앙,3.0
국제금융센터·부산은행,문현,부산2,2.3
국제금융센터·부산은행,전포,부산2,2.3
국회의사당,당산,9,2.7
국회의사당,여의도,9,2.7
군산,장항,무궁화,5.0
군산,익산_KTX,무궁화,19.07
군산,보령,새마을,24.23
군산,익산_KTX,새마을,13.35
군산,군산버스터미널,버스환승,15.0
군산,장항,버스환승,52.0
군산,서천,버스환승,78.0
군산버스터미널,고속터미널,고속버스,190.0
군산버스터미널,전주버스터미널,고속버스,75.0
군산버스터미널,양동시장,고속버스,125.0
군산버스터미널,정읍_KTX,고속버스,80.0
군산버스터미널,군산,버스환승,15.0
군산버스터미널,장항,버스환승,32.0
군산버스터미널,서천,버스환승,60.0
군자,장한평,5,2.3
군자,아차산,5,2.3
군자,중곡,7,2.4
군자,어린이대공원,7,2.4
군포,금정,1,2.7
군포,당정,1,2.7
군포,강남,광역버스,40.0
군포,사당,광역버스,25.0
굴봉산,가평,경춘,3.5
굴봉산,백양리,경춘,3.5
굴포천,삼산체육관,7,2.4
굴포천,부평구청,7,2.4
굽은다리,길동,5,2.3
굽은다리,명일,5,2.3
금곡,사릉,경춘,3.5
금곡,평내호평,경춘,3.5
금곡(부산),동원,부산2,2.3
금곡(부산),호포,부산2,2.3
금남로4가,문화전당,광주1,2.5
금남로4가,금남로5가,광주1,2.5
금남로5가,금남로4가,광주1,2.5
금남로5가,남광주,광주1,2.5
금련산,광안,부산2,2.3
금련산,남천,부산2,2.3
금사,서동(4),부산4,2.0
금사,반여농산물시장,부산4,2.0
금정,명학,1,2.7
금정,군포,1,2.7
금정,범계,4,2.6
금정,산본,4,2.6
금천구청,독산,1,2.7
금천구청,광명,1,2.7
금호,약수,3,2.4
금호,옥수,3,2.4
기아챔피언스필드,화정(광주),광주1,2.5
기아챔피언스필드,쌍촌,광주1,2.5
기장,신해운대,동해선,3.5
기장,좌천,동해선,3.5
기흥,신갈,수인분당,3.0
기흥,상갈,수인분당,3.0
기흥,용인버스터미널,버스환승,25.0
기흥,강남,광역버스,35.0
기흥,용인_GTX,GTX_TRANSFER,5.0
길동,강동,5,2.3
길동,굽은다리,5,2.3
길음,미아사거리,4,2.6
길음,성신여대입구,4,2.6
김대중컨벤션센터,상무,광주1,2.5
김대중컨벤션센터,공항,광주1,2.5
김유정,강촌,경춘,3.5
김유정,남춘천,경춘,3.5
김제,익산_KTX,무궁화,13.95
김제,정읍_KTX,무궁화,22.57
김천,추풍령,무궁화,19.69
김천,구미,무궁화,17.91
김천,영동,새마을,18.16
김천,구미,새마을,12.54
김천,김천구미_KTX,버스환승,16.0
김천구미_KTX,대전_KTX,KTX,28
김천구미_KTX,동대구_KTX,KTX,17
김천구미_KTX,대전_KTX,KTX,28
김천구미_KTX,동대구_KTX,KTX,17
김천구미_KTX,구미버스터미널,버스환승,30.0
김천구미_KTX,김천,버스환승,16.0
김천구미_KTX,구미,버스환승,66.0
김포공항,개화산,5,2.3
김포공항,송정,5,2.3
김포공항,개화,9,2.7
김포공항,공항시장,9,2.7
김포공항,마곡나루,공항,4.0
김포공항,계양,공항,4.0
김포공항,고촌,김포골드,2.0
김포공항,부천터미널소풍,광역버스,25.0
까치산,신정네거리,2_신정지선,2.2
까치산,신정,5,2.3
까치울,온수,7,2.4
까치울,부천종합운동장,7,2.4
나주_KTX,광주송정_KTX,KTX,9
나주_KTX,목포_KTX,KTX,21
나주_KTX,광주송정_KTX,KTX,9
나주_KTX,목포_KTX,KTX,21
나주_KTX,광주송정_KTX,무궁화,12.28
나주_KTX,목포_KTX,무궁화,33.96
낙민,수안,부산4,2.0
낙민,충렬사(4),부산4,2.0
낙성대,사당,2,2.3
낙성대,서울대입구,2,2.3
남광주,금남로5가,광주1,2.5
남광주,학동·증심사입구,광주1,2.5
남구로,대림,7,2.4
남구로,가산디지털단지,7,2.4
남동인더스파크,호구포,수인분당,3.0
남동인더스파크,원인재,수인분당,3.0
남부터미널,교대,3,2.4
남부터미널,양재,3,2.4
남부터미널,전주버스터미널,고속버스,175.0
남부터미널,양동시장,고속버스,215.0
남부터미널,순천버스터미널,고속버스,280.0
남부터미널,여수버스터미널,고속버스,305.0
남부터미널,진주버스터미널,고속버스,285.0
남부터미널,통영버스터미널,고속버스,295.0
남부터미널,거제버스터미널,고속버스,305.0
남부터미널,남원_KTX,고속버스,190.0
남부터미널,정읍_KTX,고속버스,175.0
남산정,만덕,부산3,2.0
남산정,숙등,부산3,2.0
남성,총신대입구,7,2.4
남성,숭실대입구,7,2.4
남양산,증산(부산2),부산2,2.3
남양산,양산(부산),부산2,2.3
남영,서울역,1,2.7
남영,용산,1,2.7
남원_KTX,전주_KTX,KTX,22
남원_KTX,곡성_KTX,KTX,16
남원_KTX,오수,무궁화,11.26
남원_KTX,곡성_KTX,무궁화,13.84
남원_KTX,전주_KTX,새마을,31.21
남원_KTX,순천_KTX,새마을,31.81
남원_KTX,남부터미널,고속버스,190.0
남원_KTX,전주버스터미널,고속버스,70.0
남원_KTX,양동시장,고속버스,95.0
남원_KTX,순천버스터미널,고속버스,105.0
남창,서생,동해선,3.5
남창,망양,동해선,3.5
남천,금련산,부산2,2.3
남천,경성대·부경대,부산2,2.3
남춘천,김유정,경춘,3.5
남춘천,춘천,경춘,3.5
남태령,사당,4,2.6
남태령,선바위,4,2.6
남포,중앙(부산),부산1,2.2
남포,자갈치,부산1,2.2
남한산성입구,산성,8,2.3
남한산성입구,단대오거리,8,2.3
내당,두류,대구1,2.3
내당,반월당,대구1,2.3
내당,내당(2),환승,3.0
내당(2),두류(2),대구2,2.4
내당(2),반고개,대구2,2.4
내당(2),내당,환승,3.0
내방,고속터미널,7,2.4
내방,총신대입구,7,2.4
냉정,개금,부산2,2.3
냉정,주례,부산2,2.3
노들,노량진,9,2.7
노들,흑석,9,2.7
노량진,용산,1,2.7
노량진,대방,1,2.7
노량진,샛강,9,2.7
노량진,노들,9,2.7
노원,상계,4,2.6
노원,창동,4,2.6
노원,마들,7,2.4
노원,중계,7,2.4
노은,월드컵경기장(대전),대전1,2.5
노은,지족,대전1,2.5
노포,두실,부산1,2.2
노포,고속터미널,고속버스,280.0
노포,강변,고속버스,295.0
노포,동대구,고속버스,105.0
노포,양동시장,고속버스,240.0
노포,마산버스터미널,고속버스,70.0
노포,통영버스터미널,고속버스,130.0
노포,거제버스터미널,고속버스,100.0
노포,경주버스터미널,고속버스,70.0
노포,울산고속버스터미널,고속버스,65.0
노포,창원종합버스터미널,고속버스,65.0
녹동,대촌,광주1,2.5
녹번,불광,3,2.4
녹번,홍제,3,2.4
녹사평,삼각지,6,2.3
녹사평,이태원,6,2.3
녹양,양주,1,2.7
녹양,가능,1,2.7
녹천,창동,1,2.7
녹천,월계,1,2.7
논산,천안,무궁화,59.42
논산,연산,무궁화,5.0
논산,천안,새마을,41.59
논산,익산_KTX,새마을,18.38
논산,천안,새마을,41.59
논산,익산_KTX,새마을,18.38
논산,대전역(지하철),광역버스,45.0
논현,학동,7,2.4
논현,반포,7,2.4
논현,신사,신분당,4.5
논현,신논현,신분당,4.5
농성,서광주,광주1,2.5
농성,화정(광주),광주1,2.5
능곡,대곡,경의중앙,3.0
능곡,행신,경의중앙,3.0
다사,문양,대구2,2.4
다사,대실,대구2,2.4
다산,별내,8,2.3
다산,동구릉,8,2.3
단대오거리,남한산성입구,8,2.3
단대오거리,신흥,8,2.3
단양_KTX,제천_KTX,KTX,15
단양_KTX,풍기_KTX,KTX,12
단양_KTX,제천_KTX,무궁화,18.11
단양_KTX,풍기_KTX,무궁화,17.26
단양_KTX,제천버스터미널,고속버스,45.0
달성공원,북구청,대구3,2.2
달성공원,서문시장,대구3,2.2
달월,오이도,수인분당,3.0
달월,월곶,수인분당,3.0
담티,만촌,대구2,2.4
담티,고산,대구2,2.4
답십리,마장,5,2.3
답십리,장한평,5,2.3
당고개,상계,4,2.6
당곡,보라매병원,신림,1.8
당곡,신림,신림,1.8
당리,서대신,부산1,2.2
당리,사하,부산1,2.2
당산,영등포구청,2,2.3
당산,합정,2,2.3
당산,선유도,9,2.7
당산,국회의사당,9,2.7
당정,군포,1,2.7
당정,의왕,1,2.7
당진버스터미널,고속터미널,고속버스,145.0
당진버스터미널,서산버스터미널,고속버스,50.0
당진버스터미널,천안,고속버스,85.0
당진버스터미널,대전복합터미널,고속버스,115.0
대곡,백석,3,2.4
대곡,화정,3,2.4
대곡,곡산,경의중앙,3.0
대곡,능곡,경의중앙,3.0
대곡,킨텍스_GTX,GTX-A,14.0
대곡,연신내,GTX-A,15.0
대곡(대구),화원,대구1,2.3
대곡(대구),진천,대구1,2.3
대공원,경마공원,4,2.6
대공원,과천,4,2.6
대구역,중앙로(대구),대구1,2.3
대구역,칠성시장,대구1,2.3
대구은행,경대병원,대구2,2.4
대구은행,범어,대구2,2.4
대동(대전),신흥(대전),대전1,2.5
대동(대전),대전역(지하철),대전1,2.5
대림,구로디지털단지,2,2.3
대림,신도림,2,2.3
대림,신풍,7,2.4
대림,남구로,7,2.4
대모산입구,개포동,수인분당,3.0
대모산입구,수서,수인분당,3.0
대방,노량진,1,2.7
대방,신길,1,2.7
대방,샛강,신림,1.8
대방,서울지방병무청,신림,1.8
대성리,마석,경춘,3.5
대성리,청평,경춘,3.5
대실,다사,대구2,2.4
대실,강창(2),대구2,2.4
대야미,수리산,4,2.6
대야미,반월,4,2.6
대연,경성대·부경대,부산2,2.3
대연,못골,부산2,2.3
대저,강서구청,부산3,2.0
대저(3),강서구청(3),부산3,2.0
대저(3),물만골,부산3,2.0
대전_KTX,오송_KTX,KTX,12
대전_KTX,김천구미_KTX,KTX,28
대전_KTX,오송_KTX,KTX,12
대전_KTX,김천구미_KTX,KTX,28
대전_KTX,서울_KTX,KTX,57
대전_KTX,광명_KTX,KTX,48
대전_KTX,동대구_KTX,KTX,45
대전_KTX,부산_KTX,KTX,85
대전_KTX,광명_KTX,KTX,48
대전_KTX,수서_SRT,KTX,46
대전_KTX,동탄_SRT,KTX,27
대전_KTX,오송_KTX,무궁화,28.64
대전_KTX,옥천,무궁화,10.83
대전_KTX,조치원,새마을,19.19
대전_KTX,옥천,새마을,7.58
대전_KTX,대전역(지하철),KTX_TRANSFER,10.0
대전_KTX,대전복합터미널,버스환승,22.0
대전_KTX,신탄진,버스환승,34.0
대전_KTX,유성버스터미널,버스환승,48.0
대전복합터미널,고속터미널,고속버스,125.0
대전복합터미널,세종터미널,고속버스,45.0
대전복합터미널,청주,고속버스,50.0
대전복합터미널,천안,고속버스,65.0
대전복합터미널,전주버스터미널,고속버스,95.0
대전복합터미널,양동시장,고속버스,145.0
대전복합터미널,동대구,고속버스,115.0
대전복합터미널,구미버스터미널,고속버스,125.0
대전복합터미널,보령버스터미널,고속버스,90.0
대전복합터미널,당진버스터미널,고속버스,115.0
대전복합터미널,울산고속버스터미널,고속버스,155.0
대전복합터미널,충주버스터미널,고속버스,80.0
대전복합터미널,창원종합버스터미널,고속버스,175.0
대전복합터미널,광주버스터미널,고속버스,115.0
대전복합터미널,대전역(지하철),버스환승,15.0
대전복합터미널,대전_KTX,버스환승,22.0
대전복합터미널,유성버스터미널,버스환승,32.0
대전역(지하철),대동(대전),대전1,2.5
대전역(지하철),중앙로(대전),대전1,2.5
대전역(지하철),대전_KTX,KTX_TRANSFER,10.0
대전역(지하철),대전복합터미널,버스환승,15.0
대전역(지하철),세종정부청사BRT,광역버스,40.0
대전역(지하철),오송버스환승센터,광역버스,60.0
대전역(지하철),청주,광역버스,50.0
대전역(지하철),논산,광역버스,45.0
대전역(지하철),홍성,광역버스,95.0
대전역(지하철),서산버스터미널,광역버스,135.0
대청,학여울,3,2.4
대청,일원,3,2.4
대촌,녹동,광주1,2.5
대촌,평동,광주1,2.5
대치,도곡,3,2.4
대치,학여울,3,2.4
대티,괴정,부산1,2.2
대티,서구청,부산1,2.2
대화,주엽,3,2.4
대흥,광흥창,6,2.3
대흥,공덕,6,2.3
덕계,덕정,1,2.7
덕계,양주,1,2.7
덕소,양정,경의중앙,3.0
덕소,도심,경의중앙,3.0
덕정,지행,1,2.7
덕정,덕계,1,2.7
덕천,구명,부산2,2.3
덕천,수정,부산2,2.3
덕천,덕천(3),환승,3.0
덕천(3),숙등,부산3,2.0
덕천(3),구포(부산),부산3,2.0
덕천(3),덕천,환승,3.0
덕하,망양,동해선,3.5
덕하,태화강,동해선,3.5
도계,묵호,무궁화,26.0
도곡,매봉,3,2.4
도곡,대치,3,2.4
도곡,한티,수인분당,3.0
도곡,구룡,수인분당,3.0
도농,구리,경의중앙,3.0
도농,양정,경의중앙,3.0
도림천,신도림,2_신정지선,2.2
도림천,양천구청,2_신정지선,2.2
도봉,도봉산,1,2.7
도봉,방학,1,2.7
도봉산,망월사,1,2.7
도봉산,도봉,1,2.7
도봉산,장암,7,2.4
도봉산,수락산,7,2.4
도산,광주송정(지하철),광주1,2.5
도산,서광주,광주1,2.5
도심,덕소,경의중앙,3.0
도심,팔당,경의중앙,3.0
도원,제물포,1,2.7
도원,동인천,1,2.7
도화,주안,1,2.7
도화,제물포,1,2.7
독립문,무악재,3,2.4
독립문,경복궁,3,2.4
독바위,불광,6,2.3
독바위,연신내,6,2.3
독산,가산디지털단지,1,2.7
독산,금천구청,1,2.7
돌곶이,상월곡,6,2.3
돌곶이,석계,6,2.3
동구릉,다산,8,2.3
동구릉,구리,8,2.3
동구청,동대구,대구1,2.3
동구청,아양교,대구1,2.3
동대구,신천(대구),대구1,2.3
동대구,동구청,대구1,2.3
동대구,동대구_KTX,KTX_TRANSFER,10.0
동대구,고속터미널,고속버스,230.0
동대구,안동버스터미널,고속버스,95.0
동대구,노포,고속버스,105.0
동대구,사상,고속버스,105.0
동대구,양동시장,고속버스,165.0
동대구,대전복합터미널,고속버스,115.0
동대구,안동버스터미널,고속버스,95.0
동대구,진주버스터미널,고속버스,125.0
동대구,마산버스터미널,고속버스,85.0
동대구,경주버스터미널,고속버스,65.0
동대구,구미버스터미널,고속버스,60.0
동대구,포항버스터미널,고속버스,85.0
동대구,영주_KTX,고속버스,90.0
동대구,울산고속버스터미널,고속버스,75.0
동대구,경산,광역버스,25.0
동대구,구미,광역버스,45.0
동대구_KTX,김천구미_KTX,KTX,17
동대구_KTX,신경주_KTX,KTX,18
동대구_KTX,밀양_KTX,KTX,16
동대구_KTX,포항_KTX,KTX,20
동대구_KTX,김천구미_KTX,KTX,17
동대구_KTX,신경주_KTX,KTX,18
동대구_KTX,서울_KTX,KTX,102
동대구_KTX,광명_KTX,KTX,95
동대구_KTX,대전_KTX,KTX,45
동대구_KTX,수서_SRT,KTX,80
동대구_KTX,왜관,무궁화,19.8
동대구_KTX,경산,무궁화,10.15
동대구_KTX,경산,무궁화,10.15
동대구_KTX,구미,새마을,22.2
동대구_KTX,경산,새마을,7.1
동대구_KTX,동대구,KTX_TRANSFER,10.0
동대구_KTX,경산,버스환승,28.0
동대문,동묘앞,1,2.7
동대문,종로5가,1,2.7
동대문,혜화,4,2.6
동대문,동대문역사문화공원,4,2.6
동대문역사문화공원,을지로4가,2,2.3
동대문역사문화공원,신당,2,2.3
동대문역사문화공원,동대문,4,2.6
동대문역사문화공원,충무로,4,2.6
동대문역사문화공원,을지로4가,5,2.3
동대문역사문화공원,청구,5,2.3
동대신,토성,부산1,2.2
동대신,서대신,부산1,2.2
동대입구,충무로,3,2.4
동대입구,약수,3,2.4
동두천,소요산,1,2.7
동두천,보산,1,2.7
동두천중앙,보산,1,2.7
동두천중앙,지행,1,2.7
동래,교대(부산),부산1,2.2
동래,명륜,부산1,2.2
동래,동래(4),환승,3.0
동래,동래(동해),환승,5.0
동래(4),미남(4),부산4,2.0
동래(4),수안,부산4,2.0
동래(4),동래,환승,3.0
동래(동해),교대(동해),동해선,3.5
동래(동해),안락(동해),동해선,3.5
동래(동해),동래,환승,5.0
동묘앞,신설동,1,2.7
동묘앞,동대문,1,2.7
동묘앞,신당,6,2.3
동묘앞,창신,6,2.3
동백,해운대,부산2,2.3
동백,벡스코,부산2,2.3
동암,백운,1,2.7
동암,간석,1,2.7
동원,율리,부산2,2.3
동원,금곡(부산),부산2,2.3
동의대,가야,부산2,2.3
동의대,개금,부산2,2.3
동인천,도원,1,2.7
동인천,인천,1,2.7
동작,이촌,4,2.6
동작,총신대입구,4,2.6
동작,흑석,9,2.7
동작,구반포,9,2.7
동천,미금,신분당,4.5
동천,수지구청,신분당,4.5
동천(대구),팔달,대구3,2.2
동천(대구),칠곡운암,대구3,2.2
동촌,아양교,대구1,2.3
동촌,해안,대구1,2.3
동탄_SRT,수서_SRT,KTX,19
동탄_SRT,지제,KTX,10
동탄_SRT,수서_SRT,KTX,19
동탄_SRT,지제,KTX,10
동탄_SRT,대전_KTX,KTX,27
동탄_SRT,부산_KTX,KTX,101
동탄_SRT,광주송정_KTX,KTX,71
동탄_SRT,수원종합터미널,버스환승,23.0
동탄_SRT,동탄버스환승센터,도보,10.0
동탄_SRT,용인_GTX,GTX-A,18.0
동탄_SRT,동탄버스환승센터,GTX_TRANSFER,8.0
동탄버스환승센터,수서_SRT,버스환승,32.0
동탄버스환승센터,서울_KTX,버스환승,48.0
동탄버스환승센터,수원종합터미널,버스환승,72.0
동탄버스환승센터,동탄_SRT,도보,10.0
동탄버스환승센터,강남,광역버스,45.0
동탄버스환승센터,사당,광역버스,40.0
동탄버스환승센터,수원,광역버스,25.0
동탄버스환승센터,동탄_SRT,GTX_TRANSFER,8.0
동해,태백,무궁화,35.75
동해,묵호,무궁화,5.0
동해,묵호,무궁화,5.0
동해,삼척버스터미널,고속버스,30.0
동해,태백버스터미널,고속버스,80.0
두류,감삼,대구1,2.3
두류,내당,대구1,2.3
두류(2),계명대(2),대구2,2.4
두류(2),내당(2),대구2,2.4
두실,노포,부산1,2.2
두실,구서,부산1,2.2
두정,직산,1,2.7
두정,천안,1,2.7
둔내_KTX,횡성_KTX,KTX,8
둔내_KTX,평창_KTX,KTX,10
둔내_KTX,횡성_KTX,버스환승,56.0
둔촌동,강동,5,2.3
둔촌동,올림픽공원,5,2.3
둔촌오륜,올림픽공원,9,2.7
둔촌오륜,중앙보훈병원,9,2.7
등촌,증미,9,2.7
등촌,염창,9,2.7
디지털미디어시티,증산,6,2.3
디지털미디어시티,월드컵경기장,6,2.3
디지털미디어시티,홍대입구,공항,4.0
디지털미디어시티,마곡나루,공항,4.0
디지털미디어시티,수색,경의중앙,3.0
디지털미디어시티,가좌,경의중앙,3.0
뚝섬,한양대,2,2.3
뚝섬,성수,2,2.3
뚝섬유원지,건대입구,7,2.4
뚝섬유원지,청담,7,2.4
마곡,송정,5,2.3
마곡,발산,5,2.3
마곡나루,신방화,9,2.7
마곡나루,양천향교,9,2.7
마곡나루,디지털미디어시티,공항,4.0
마곡나루,김포공항,공항,4.0
마두,정발산,3,2.4
마두,백석,3,2.4
마들,수락산,7,2.4
마들,노원,7,2.4
마산,구래,김포골드,2.0
마산,장기,김포골드,2.0
마산_KTX,창원_KTX,KTX,6
마산_KTX,진주_KTX,KTX,28
마산_KTX,창원_KTX,무궁화,5.0
마산_KTX,진주_KTX,무궁화,36.67
마산_KTX,창원_KTX,버스환승,5.0
마산_KTX,창원종합버스터미널,버스환승,5.0
마산_KTX,진영_KTX,버스환승,58.0
마산_KTX,창원중앙_KTX,버스환승,60.0
마산_KTX,마산버스터미널,도보,15.0
마산_KTX,마산버스터미널,광역버스,15.0
마산버스터미널,노포,고속버스,70.0
마산버스터미널,사상,고속버스,55.0
마산버스터미널,진주버스터미널,고속버스,65.0
마산버스터미널,통영버스터미널,고속버스,70.0
마산버스터미널,거제버스터미널,고속버스,85.0
마산버스터미널,동대구,고속버스,85.0
마산버스터미널,경주버스터미널,고속버스,90.0
마산버스터미널,창원_KTX,버스환승,8.0
마산버스터미널,창원중앙_KTX,버스환승,68.0
마산버스터미널,마산_KTX,도보,15.0
마산버스터미널,창원종합버스터미널,광역버스,20.0
마산버스터미널,마산_KTX,광역버스,15.0
마산버스터미널,진주버스터미널,광역버스,55.0
마석,천마산,경춘,3.5
마석,대성리,경춘,3.5
마장,왕십리,5,2.3
마장,답십리,5,2.3
마천,거여,5,2.3
마포,여의나루,5,2.3
마포,공덕,5,2.3
마포구청,월드컵경기장,6,2.3
마포구청,망원,6,2.3
만덕,미남,부산3,2.0
만덕,남산정,부산3,2.0
만종_KTX,양평_KTX,KTX,22
만종_KTX,횡성_KTX,KTX,10
만종_KTX,원주,버스환승,7.0
만종_KTX,원주버스터미널,버스환승,11.0
만촌,수성구청,대구2,2.4
만촌,담티,대구2,2.4
만평,공단,대구3,2.2
만평,팔달시장,대구3,2.2
망미,물금(3),부산3,2.0
망미,수영(3),부산3,2.0
망양,남창,동해선,3.5
망양,덕하,동해선,3.5
망우,상봉,경의중앙,3.0
망우,양원,경의중앙,3.0
망우,상봉,경춘,3.5
망우,신내,경춘,3.5
망원,마포구청,6,2.3
망원,합정,6,2.3
망월사,회룡,1,2.7
망월사,도봉산,1,2.7
망포,영통,수인분당,3.0
망포,매탄권선,수인분당,3.0
매교,수원시청,수인분당,3.0
매교,수원,수인분당,3.0
매봉,양재,3,2.4
매봉,도곡,3,2.4
매천,태전,대구3,2.2
매천,매천시장,대구3,2.2
매천시장,매천,대구3,2.2
매천시장,팔거,대구3,2.2
매탄권선,망포,수인분당,3.0
매탄권선,수원시청,수인분당,3.0
먹골,태릉입구,7,2.4
먹골,중화,7,2.4
면목,상봉,7,2.4
면목,사가정,7,2.4
명덕,신남,대구3,2.2
명덕,건들바위,대구3,2.2
명동,충무로,4,2.6
명동,회현,4,2.6
명륜,동래,부산1,2.2
명륜,명장,부산1,2.2
명일,굽은다리,5,2.3
명일,고덕,5,2.3
명장,명륜,부산1,2.2
명장,서동,부산1,2.2
명장(4),충렬사(4),부산4,2.0
명장(4),서동(4),부산4,2.0
명학,안양,1,2.7
명학,금정,1,2.7
모덕,사상,부산2,2.3
모덕,모라,부산2,2.3
모라,모덕,부산2,2.3
모라,구남,부산2,2.3
모란,수진,8,2.3
모란,태평,수인분당,3.0
모란,야탑,수인분당,3.0
목동,신정,5,2.3
목동,오목교,5,2.3
목포_KTX,나주_KTX,KTX,21
목포_KTX,나주_KTX,KTX,21
목포_KTX,수서_SRT,KTX,110
목포_KTX,나주_KTX,무궁화,33.96
목포_KTX,광주송정_KTX,새마을,31.99
목포_KTX,목포버스터미널,버스환승,10.0
목포버스터미널,고속터미널,고속버스,275.0
목포버스터미널,양동시장,고속버스,95.0
목포버스터미널,순천버스터미널,고속버스,105.0
목포버스터미널,목포_KTX,버스환승,10.0
못골,대연,부산2,2.3
못골,지게골,부산2,2.3
몽촌토성,강동구청,8,2.3
몽촌토성,잠실,8,2.3
무악재,홍제,3,2.4
무악재,독립문,3,2.4
묵호,동해,무궁화,5.0
묵호,도계,무궁화,26.0
묵호,동해,무궁화,5.0
묵호,경주,무궁화,161.17
문래,신도림,2,2.3
문래,영등포구청,2,2.3
문산,운정,경의중앙,3.0
문양,다사,대구2,2.4
문정,가락시장,8,2.3
문정,장지,8,2.3
문현,지게골,부산2,2.3
문현,국제금융센터·부산은행,부산2,2.3
문화전당,광주역,광주1,2.5
문화전당,금남로4가,광주1,2.5
물금,삼랑진,무궁화,22.87
물금,구포,무궁화,10.23
물금(3),배산,부산3,2.0
물금(3),망미,부산3,2.0
물만골,대저(3),부산3,2.0
물만골,연산(3),부산3,2.0
미금,정자,수인분당,3.0
미금,오리,수인분당,3.0
미금,정자,신분당,4.5
미금,동천,신분당,4.5
미남,삼락,부산3,2.0
미남,만덕,부산3,2.0
미남,미남(4),환승,3.0
미남(4),동래(4),부산4,2.0
미남(4),미남,환승,3.0
미사,강일,5,2.3
미사,하남풍산,5,2.3
미아,수유,4,2.6
미아,미아사거리,4,2.6
미아사거리,미아,4,2.6
미아사거리,길음,4,2.6
민둥산,제천_KTX,무궁화,58.46
민둥산,예미,무궁화,5.0
민락,센텀시티,부산2,2.3
민락,수영,부산2,2.3
밀양_KTX,동대구_KTX,KTX,16
밀양_KTX,진영_KTX,KTX,15
밀양_KTX,삼랑진,무궁화,8.79
밀양_KTX,진영_KTX,무궁화,16.77
반고개,내당(2),대구2,2.4
반고개,청라언덕,대구2,2.4
반석,지족,대전1,2.5
반석,세종정부청사BRT,광역버스,25.0
반석,세종터미널,광역버스,35.0
반석,오송버스환승센터,광역버스,45.0
반여농산물시장,금사,부산4,2.0
반여농산물시장,석대,부산4,2.0
반월,대야미,4,2.6
반월,상록수,4,2.6
반월당,내당,대구1,2.3
반월당,중앙로(대구),대구1,2.3
반월당,반월당(2),환승,3.0
반월당(2),청라언덕,대구2,2.4
반월당(2),경대병원,대구2,2.4
반월당(2),반월당,환승,3.0
반포,논현,7,2.4
반포,고속터미널,7,2.4
발산,마곡,5,2.3
발산,우장산,5,2.3
방배,서초,2,2.3
방배,사당,2,2.3
방이,올림픽공원,5,2.3
방이,오금,5,2.3
방촌,해안,대구1,2.3
방촌,각산,대구1,2.3
방학,도봉,1,2.7
방학,창동,1,2.7
방화,개화산,5,2.3
배방,탕정,1,2.7
배방,온양온천,1,2.7
배산,연산(3),부산3,2.0
배산,물금(3),부산3,2.0
백마,풍산,경의중앙,3.0
백마,곡산,경의중앙,3.0
백석,마두,3,2.4
백석,대곡,3,2.4
백양리,굴봉산,경춘,3.5
백양리,강촌,경춘,3.5
백운,부평,1,2.7
백운,동암,1,2.7
버티고개,한강진,6,2.3
버티고개,약수,6,2.3
범계,평촌,4,2.6
범계,금정,4,2.6
범내골,부전,부산1,2.2
범내골,범일,부산1,2.2
범물,지산,대구3,2.2
범물,용지,대구3,2.2
범어,대구은행,대구2,2.4
범어,수성구청,대구2,2.4
범일,범내골,부산1,2.2
범일,좌천(1호선),부산1,2.2
벡스코,동백,부산2,2.3
벡스코,센텀시티,부산2,2.3
벡스코,벡스코(동해),환승,3.0
벡스코(동해),센텀(동해),동해선,3.5
벡스코(동해),신해운대,동해선,3.5
벡스코(동해),벡스코,환승,3.0
별내,다산,8,2.3
별내,갈매,경춘,3.5
별내,퇴계원,경춘,3.5
별내,상봉,광역버스,20.0
병점,세류,1,2.7
병점,세마,1,2.7
보라매,신대방삼거리,7,2.4
보라매,신풍,7,2.4
보라매,서울지방병무청,신림,1.8
보라매,보라매공원,신림,1.8
보라매공원,보라매,신림,1.8
보라매공원,보라매병원,신림,1.8
보라매병원,보라매공원,신림,1.8
보라매병원,당곡,신림,1.8
보령,홍성,무궁화,25.83
보령,서천,무궁화,24.93
보령,홍성,새마을,18.08
보령,군산,새마을,24.23
보령버스터미널,고속터미널,고속버스,180.0
보령버스터미널,대전복합터미널,고속버스,90.0
보령버스터미널,서산버스터미널,고속버스,85.0
보령버스터미널,천안,고속버스,125.0
보문,창신,6,2.3
보문,안암,6,2.3
보문,성신여대입구,우이신설,1.8
보문,신설동,우이신설,1.8
보산,동두천,1,2.7
보산,동두천중앙,1,2.7
보정,죽전,수인분당,3.0
보정,구성,수인분당,3.0
복정,장지,8,2.3
복정,산성,8,2.3
복정,수서,수인분당,3.0
복정,가천대,수인분당,3.0
봉명,천안,1,2.7
봉명,쌍용,1,2.7
봉양,충주,무궁화,22.08
봉양,원주,무궁화,32.76
봉양,제천_KTX,무궁화,5.0
봉양,제천_KTX,버스환승,14.0
봉양,제천버스터미널,버스환승,18.0
봉은사,삼성중앙,9,2.7
봉은사,종합운동장,9,2.7
봉천,서울대입구,2,2.3
봉천,신림,2,2.3
봉화산,화랑대,6,2.3
봉화산,신내,6,2.3
부개,송내,1,2.7
부개,부평,1,2.7
부산_KTX,울산_KTX,KTX,21
부산_KTX,울산_KTX,KTX,21
부산_KTX,서울_KTX,KTX,150
부산_KTX,광명_KTX,KTX,140
부산_KTX,대전_KTX,KTX,85
부산_KTX,수서_SRT,KTX,120
부산_KTX,동탄_SRT,KTX,101
부산_KTX,구포,무궁화,8.54
부산_KTX,구포,새마을,5.98
부산_KTX,부산역,KTX_TRANSFER,5.0
부산_KTX,구포,버스환승,42.0
부산대,장전,부산1,2.2
부산대,온천장,부산1,2.2
부산역,초량,부산1,2.2
부산역,중앙(부산),부산1,2.2
부산역,부산_KTX,KTX_TRANSFER,5.0
부산원동,안락(동해),동해선,3.5
부산원동,재송,동해선,3.5
부산진(부산1),좌천(1호선),부산1,2.2
부산진(부산1),초량,부산1,2.2
부암,서면(2),부산2,2.3
부암,가야,부산2,2.3
부전,서면,부산1,2.2
부전,범내골,부산1,2.2
부전,부전(동해),환승,5.0
부전(동해),거제해맞이,동해선,3.5
부전(동해),부전,환승,5.0
부천,소사,1,2.7
부천,중동,1,2.7
부천,부천터미널소풍,도보,10.0
부천,강남,광역버스,50.0
부천시청,신중동,7,2.4
부천시청,상동,7,2.4
부천종합운동장,까치울,7,2.4
부천종합운동장,춘의,7,2.4
부천터미널소풍,광명_KTX,버스환승,136.0
부천터미널소풍,부천,도보,10.0
부천터미널소풍,김포공항,광역버스,25.0
부평,부개,1,2.7
부평,백운,1,2.7
부평,강남,광역버스,55.0
부평구청,굴포천,7,2.4
부평구청,산곡,7,2.4
북구청,원대,대구3,2.2
북구청,달성공원,대구3,2.2
북한산보국문,솔샘,우이신설,1.8
북한산보국문,정릉,우이신설,1.8
북한산우이,솔밭공원,우이신설,1.8
불광,연신내,3,2.4
불광,녹번,3,2.4
불광,역촌,6,2.3
불광,독바위,6,2.3
사가정,면목,7,2.4
사가정,용마산,7,2.4
사당,방배,2,2.3
사당,낙성대,2,2.3
사당,총신대입구,4,2.6
사당,남태령,4,2.6
사당,안산,광역버스,35.0
사당,군포,광역버스,25.0
사당,수원,광역버스,35.0
사당,안양,광역버스,25.0
사당,과천,광역버스,13.0
사당,동탄버스환승센터,광역버스,40.0
사당,오산,광역버스,60.0
사릉,퇴계원,경춘,3.5
사릉,금곡,경춘,3.5
사리,야목,수인분당,3.0
사리,한대앞,수인분당,3.0
사북,예미,무궁화,6.23
사북,고한,무궁화,5.0
사상,감전,부산2,2.3
사상,모덕,부산2,2.3
사상,고속터미널,고속버스,285.0
사상,동대구,고속버스,105.0
사상,마산버스터미널,고속버스,55.0
사상,진주버스터미널,고속버스,95.0
사우,걸포북변,김포골드,2.0
사우,풍무,김포골드,2.0
사월,신매,대구2,2.4
사월,정평,대구2,2.4
사평,고속터미널,9,2.7
사평,신논현,9,2.7
사하,당리,부산1,2.2
사하,괴정,부산1,2.2
산곡,부평구청,7,2.4
산곡,석남,7,2.4
산본,금정,4,2.6
산본,수리산,4,2.6
산성,복정,8,2.3
산성,남한산성입구,8,2.3
삼각지,숙대입구,4,2.6
삼각지,신용산,4,2.6
삼각지,효창공원앞,6,2.3
삼각지,녹사평,6,2.3
삼락,체육공원,부산3,2.0
삼락,미남,부산3,2.0
삼랑진,경주,무궁화,58.8
삼랑진,물금,무궁화,22.87
삼랑진,밀양_KTX,무궁화,8.79
삼랑진,경주,새마을,41.16
삼랑진,구포,새마을,19.32
삼산체육관,상동,7,2.4
삼산체육관,굴포천,7,2.4
삼성,종합운동장,2,2.3
삼성,선릉,2,2.3
삼성중앙,선정릉,9,2.7
삼성중앙,봉은사,9,2.7
삼송,원흥,3,2.4
삼송,지축,3,2.4
삼양,화계,우이신설,1.8
삼양,삼양사거리,우이신설,1.8
삼양사거리,삼양,우이신설,1.8
삼양사거리,솔샘,우이신설,1.8
삼전,종합운동장,9,2.7
삼전,석촌고분,9,2.7
삼척버스터미널,강변,고속버스,210.0
삼척버스터미널,강릉버스터미널,고속버스,65.0
삼척버스터미널,동해,고속버스,30.0
삼척버스터미널,태백버스터미널,고속버스,65.0
삽교,온양온천,무궁화,16.58
삽교,예산,무궁화,9.7
상갈,기흥,수인분당,3.0
상갈,청명,수인분당,3.0
상계,당고개,4,2.6
상계,노원,4,2.6
상도,숭실대입구,7,2.4
상도,장승배기,7,2.4
상동,부천시청,7,2.4
상동,삼산체육관,7,2.4
상록수,반월,4,2.6
상록수,한대앞,4,2.6
상무,운천,광주1,2.5
상무,김대중컨벤션센터,광주1,2.5
상봉,중화,7,2.4
상봉,면목,7,2.4
상봉,중랑,경의중앙,3.0
상봉,망우,경의중앙,3.0
상봉,광운대,경춘,3.5
상봉,망우,경춘,3.5
상봉,춘천,고속버스,95.0
상봉,원주,고속버스,110.0
상봉,강릉버스터미널,고속버스,160.0
상봉,속초버스터미널,고속버스,160.0
상봉,가평버스터미널,고속버스,75.0
상봉,홍천버스터미널,고속버스,110.0
상봉,별내,광역버스,20.0
상수,합정,6,2.3
상수,광흥창,6,2.3
상왕십리,신당,2,2.3
상왕십리,왕십리,2,2.3
상월곡,월곡,6,2.3
상월곡,돌곶이,6,2.3
상인,월배,대구1,2.3
상인,월촌,대구1,2.3
상일동,고덕,5,2.3
상일동,강일,5,2.3
상천,청평,경춘,3.5
상천,가평,경춘,3.5
상현,성복,신분당,4.5
상현,광교중앙,신분당,4.5
새절,응암,6,2.3
새절,증산,6,2.3
샛강,여의도,9,2.7
샛강,노량진,9,2.7
샛강,대방,신림,1.8
서강대,홍대입구,경의중앙,3.0
서강대,공덕,경의중앙,3.0
서광주,도산,광주1,2.5
서광주,농성,광주1,2.5
서구청,대티,부산1,2.2
서구청,신평,부산1,2.2
서대문,충정로,5,2.3
서대문,광화문,5,2.3
서대신,동대신,부산1,2.2
서대신,당리,부산1,2.2
서대전네거리,중구청(대전),대전1,2.5
서대전네거리,오룡(대전),대전1,2.5
서동,명장,부산1,2.2
서동,충렬사,부산1,2.2
서동(4),명장(4),부산4,2.0
서동(4),금사,부산4,2.0
서면,양정(부산),부산1,2.2
서면,부전,부산1,2.2
서면,서면(2),환승,3.0
서면(2),전포,부산2,2.3
서면(2),부암,부산2,2.3
서면(2),서면,환승,3.0
서문시장,달성공원,대구3,2.2
서문시장,신남,대구3,2.2
서빙고,이촌,경의중앙,3.0
서빙고,한남,경의중앙,3.0
서산버스터미널,보령버스터미널,고속버스,85.0
서산버스터미널,당진버스터미널,고속버스,50.0
서산버스터미널,홍성,광역버스,40.0
서산버스터미널,대전역(지하철),광역버스,135.0
서생,월내,동해선,3.5
서생,남창,동해선,3.5
서울_KTX,광명_KTX,KTX,8
서울_KTX,청량리_KTX,KTX,8
서울_KTX,대전_KTX,KTX,57
서울_KTX,동대구_KTX,KTX,102
서울_KTX,부산_KTX,KTX,150
서울_KTX,광주송정_KTX,KTX,110
서울_KTX,익산_KTX,KTX,82
서울_KTX,강릉_KTX,KTX,106
서울_KTX,서울역,KTX_TRANSFER,15.0
서울_KTX,운정중앙_GTX,버스환승,28.0
서울_KTX,동탄버스환승센터,버스환승,48.0
서울_KTX,용인버스터미널,버스환승,80.0
서울대벤처타운,서원,신림,1.8
서울대벤처타운,관악산,신림,1.8
서울대입구,낙성대,2,2.3
서울대입구,봉천,2,2.3
서울숲,왕십리,수인분당,3.0
서울숲,압구정로데오,수인분당,3.0
서울역,시청,1,2.7
서울역,남영,1,2.7
서울역,회현,4,2.6
서울역,숙대입구,4,2.6
서울역,공덕,공항,4.0
서울역,영등포,무궁화,6.1
서울역,영등포,무궁화,6.1
서울역,영등포,새마을,5.0
서울역,영등포,새마을,5.0
서울역,영등포,새마을,5.0
서울역,서울_KTX,KTX_TRANSFER,15.0
서울역,연신내,GTX-A,18.0
서울역,수서,GTX-A,17.0
서울지방병무청,대방,신림,1.8
서울지방병무청,보라매,신림,1.8
서원,신림,신림,1.8
서원,서울대벤처타운,신림,1.8
서원주_KTX,양평_KTX,KTX,24
서원주_KTX,제천_KTX,KTX,28
서원주_KTX,원주,버스환승,17.0
서원주_KTX,원주버스터미널,버스환승,22.0
서정리,송탄,1,2.7
서정리,지제,1,2.7
서천,보령,무궁화,24.93
서천,장항,무궁화,6.97
서천,군산버스터미널,버스환승,60.0
서천,군산,버스환승,78.0
서초,교대,2,2.3
서초,방배,2,2.3
서현,이매,수인분당,3.0
서현,수내,수인분당,3.0
석계,광운대,1,2.7
석계,신이문,1,2.7
석계,돌곶이,6,2.3
석계,태릉입구,6,2.3
석남,산곡,7,2.4
석대,반여농산물시장,부산4,2.0
석대,영산대,부산4,2.0
석수,광명,1,2.7
석수,관악,1,2.7
석촌,잠실,8,2.3
석촌,송파,8,2.3
석촌,석촌고분,9,2.7
석촌,송파나루,9,2.7
석촌고분,삼전,9,2.7
석촌고분,석촌,9,2.7
선릉,삼성,2,2.3
선릉,역삼,2,2.3
선릉,선정릉,수인분당,3.0
선릉,한티,수인분당,3.0
선바위,남태령,4,2.6
선바위,경마공원,4,2.6
선유도,신목동,9,2.7
선유도,당산,9,2.7
선정릉,언주,9,2.7
선정릉,삼성중앙,9,2.7
선정릉,강남구청,수인분당,3.0
선정릉,선릉,수인분당,3.0
설화명곡,화원,대구1,2.3
성균관대,의왕,1,2.7
성균관대,화서,1,2.7
성남_GTX,수서_SRT,버스환승,8.0
성남_GTX,수원종합터미널,버스환승,32.0
성남_GTX,이천버스터미널,버스환승,32.0
성남_GTX,의정부버스터미널,버스환승,34.0
성남_GTX,안성버스터미널,버스환승,40.0
성남_GTX,수서,GTX-A,16.0
성남_GTX,용인_GTX,GTX-A,15.0
성남_GTX,판교,GTX_TRANSFER,5.0
성복,수지구청,신분당,4.5
성복,상현,신분당,4.5
성서산업단지,계명대,대구1,2.3
성서산업단지,이곡,대구1,2.3
성수,뚝섬,2,2.3
성수,건대입구,2,2.3
성수,용답,2_성수지선,2.2
성신여대입구,길음,4,2.6
성신여대입구,한성대입구,4,2.6
성신여대입구,정릉,우이신설,1.8
성신여대입구,보문,우이신설,1.8
성환,평택,1,2.7
성환,직산,1,2.7
세류,수원,1,2.7
세류,병점,1,2.7
세마,병점,1,2.7
세마,오산대,1,2.7
세종정부청사BRT,신탄진,버스환승,48.0
세종정부청사BRT,조치원,버스환승,56.0
세종정부청사BRT,반석,광역버스,25.0
세종정부청사BRT,오송버스환승센터,광역버스,25.0
세종정부청사BRT,세종터미널,광역버스,15.0
세종정부청사BRT,대전역(지하철),광역버스,40.0
세종정부청사BRT,구암(대전),광역버스,30.0
세종정부청사BRT,청주공항,광역버스,45.0
세종터미널,고속터미널,고속버스,115.0
세종터미널,청주,고속버스,50.0
세종터미널,천안,고속버스,40.0
세종터미널,전주버스터미널,고속버스,85.0
세종터미널,대전복합터미널,고속버스,45.0
세종터미널,신탄진,버스환승,42.0
세종터미널,조치원,버스환승,52.0
세종터미널,세종정부청사BRT,광역버스,15.0
세종터미널,오송버스환승센터,광역버스,25.0
세종터미널,반석,광역버스,35.0
세종터미널,청주공항,광역버스,50.0
세종터미널,청주,광역버스,40.0
센텀(동해),재송,동해선,3.5
센텀(동해),벡스코(동해),동해선,3.5
센텀(동해),센텀시티,환승,3.0
센텀시티,벡스코,부산2,2.3
센텀시티,민락,부산2,2.3
센텀시티,센텀(동해),환승,3.0
소래포구,월곶,수인분당,3.0
소래포구,인천논현,수인분당,3.0
소사,역곡,1,2.7
소사,부천,1,2.7
소요산,동두천,1,2.7
소태,학동·증심사입구,광주1,2.5
속초버스터미널,강변,고속버스,170.0
속초버스터미널,상봉,고속버스,160.0
속초버스터미널,강릉버스터미널,고속버스,65.0
속초버스터미널,양양버스터미널,고속버스,45.0
속초버스터미널,강릉버스터미널,광역버스,70.0
속초버스터미널,원주버스터미널,광역버스,105.0
솔밭공원,북한산우이,우이신설,1.8
솔밭공원,4·19민주묘지,우이신설,1.8
솔샘,삼양사거리,우이신설,1.8
솔샘,북한산보국문,우이신설,1.8
송내,중동,1,2.7
송내,부개,1,2.7
송도,연수,수인분당,3.0
송도,인하대,수인분당,3.0
송정,김포공항,5,2.3
송정,마곡,5,2.3
송정리,공항(광주),광주1,2.5
송정리,광주송정(지하철),광주1,2.5
송탄,진위,1,2.7
송탄,서정리,1,2.7
송파,석촌,8,2.3
송파,가락시장,8,2.3
송파나루,석촌,9,2.7
송파나루,한성백제,9,2.7
송현(대구),월촌,대구1,2.3
송현(대구),영대병원,대구1,2.3
수내,서현,수인분당,3.0
수내,정자,수인분당,3.0
수락산,도봉산,7,2.4
수락산,마들,7,2.4
수리산,산본,4,2.6
수리산,대야미,4,2.6
수색,화전,경의중앙,3.0
수색,디지털미디어시티,경의중앙,3.0
수서,일원,3,2.4
수서,가락시장,3,2.4
수서,대모산입구,수인분당,3.0
수서,복정,수인분당,3.0
수서,수서_SRT,KTX_TRANSFER,10.0
수서,서울역,GTX-A,17.0
수서,성남_GTX,GTX-A,16.0
수서_SRT,동탄_SRT,KTX,19
수서_SRT,동탄_SRT,KTX,19
수서_SRT,오송_KTX,KTX,34
수서_SRT,대전_KTX,KTX,46
수서_SRT,동대구_KTX,KTX,80
수서_SRT,부산_KTX,KTX,120
수서_SRT,광주송정_KTX,KTX,90
수서_SRT,목포_KTX,KTX,110
수서_SRT,익산_KTX,KTX,74
수서_SRT,수서,KTX_TRANSFER,10.0
수서_SRT,성남_GTX,버스환승,8.0
수서_SRT,동탄버스환승센터,버스환승,32.0
수서_SRT,이천버스터미널,버스환승,40.0
수서_SRT,용인버스터미널,버스환승,46.0
수서_SRT,안성버스터미널,버스환승,48.0
수서_SRT,수원종합터미널,버스환승,86.0
수성구청,범어,대구2,2.4
수성구청,만촌,대구2,2.4
수성못,황금,대구3,2.2
수성못,지산,대구3,2.2
수성시장,건들바위,대구3,2.2
수성시장,어린이세상,대구3,2.2
수안,동래(4),부산4,2.0
수안,낙민,부산4,2.0
수영,민락,부산2,2.3
수영,광안,부산2,2.3
수영,수영(3),환승,3.0
수영(3),망미,부산3,2.0
수영(3),수영,환승,3.0
수원,화서,1,2.7
수원,세류,1,2.7
수원,매교,수인분당,3.0
수원,고색,수인분당,3.0
수원,영등포,무궁화,24.75
수원,천안,무궁화,44.99
수원,영등포,무궁화,24.75
수원,천안,무궁화,44.99
수원,영등포,새마을,17.32
수원,천안,새마을,31.49
수원,영등포,새마을,17.32
수원,천안,새마을,31.49
수원,영등포,새마을,17.32
수원,천안,새마을,31.49
수원,고속터미널,고속버스,65.0
수원,수원종합터미널,도보,5.0
수원,고속터미널,광역버스,40.0
수원,사당,광역버스,35.0
수원,동탄버스환승센터,광역버스,25.0
수원,천안,광역버스,50.0
수원,아산,광역버스,45.0
수원시청,매탄권선,수인분당,3.0
수원시청,매교,수인분당,3.0
수원종합터미널,동탄_SRT,버스환승,23.0
수원종합터미널,성남_GTX,버스환승,32.0
수원종합터미널,의정부버스터미널,버스환승,66.0
수원종합터미널,동탄버스환승센터,버스환승,72.0
수원종합터미널,용인버스터미널,버스환승,80.0
수원종합터미널,수서_SRT,버스환승,86.0
수원종합터미널,수원,도보,5.0
수유,쌍문,4,2.6
수유,미아,4,2.6
수유,의정부버스터미널,광역버스,25.0
수정,덕천,부산2,2.3
수정,화명,부산2,2.3
수지구청,동천,신분당,4.5
수지구청,성복,신분당,4.5
수진,신흥,8,2.3
수진,모란,8,2.3
숙대입구,서울역,4,2.6
숙대입구,삼각지,4,2.6
숙등,남산정,부산3,2.0
숙등,덕천(3),부산3,2.0
순천_KTX,구례구_KTX,KTX,11
순천_KTX,여천_KTX,KTX,14
순천_KTX,광양,무궁화,14.95
순천_KTX,여천_KTX,무궁화,20.99
순천_KTX,구례구_KTX,무궁화,20.92
순천_KTX,남원_KTX,새마을,31.81
순천_KTX,여수EXPO_KTX,새마을,19.42
순천_KTX,순천버스터미널,버스환승,10.0
순천버스터미널,고속터미널,고속버스,285.0
순천버스터미널,남부터미널,고속버스,280.0
순천버스터미널,양동시장,고속버스,105.0
순천버스터미널,여수버스터미널,고속버스,70.0
순천버스터미널,목포버스터미널,고속버스,105.0
순천버스터미널,남원_KTX,고속버스,105.0
순천버스터미널,순천_KTX,버스환승,10.0
숭실대입구,남성,7,2.4
숭실대입구,상도,7,2.4
숭의,인하대,수인분당,3.0
숭의,신포,수인분당,3.0
시청,종각,1,2.7
시청,서울역,1,2.7
시청,을지로입구,2,2.3
시청,충정로,2,2.3
시청(대전),탄방,대전1,2.5
시청(대전),정부청사(대전),대전1,2.5
시청(부산),온천장,부산1,2.2
시청(부산),연산(부산),부산1,2.2
신갈,구성,수인분당,3.0
신갈,기흥,수인분당,3.0
신경주_KTX,동대구_KTX,KTX,18
신경주_KTX,울산_KTX,KTX,9
신경주_KTX,동대구_KTX,KTX,18
신경주_KTX,울산_KTX,KTX,9
신경주_KTX,경주버스터미널,버스환승,20.0
신경주_KTX,경주,버스환승,25.0
신금호,청구,5,2.3
신금호,행당,5,2.3
신길,대방,1,2.7
신길,영등포,1,2.7
신길,영등포시장,5,2.3
신길,여의도,5,2.3
신길온천,안산,4,2.6
신길온천,정왕,4,2.6
신길온천,안산,수인분당,3.0
신길온천,정왕,수인분당,3.0
신남,서문시장,대구3,2.2
신남,명덕,대구3,2.2
신내,봉화산,6,2.3
신내,망우,경춘,3.5
신내,갈매,경춘,3.5
신논현,사평,9,2.7
신논현,언주,9,2.7
신논현,논현,신분당,4.5
신논현,강남,신분당,4.5
신답,용답,2_성수지선,2.2
신답,용두,2_성수지선,2.2
신당,동대문역사문화공원,2,2.3
신당,상왕십리,2,2.3
신당,청구,6,2.3
신당,동묘앞,6,2.3
신대방,신림,2,2.3
신대방,구로디지털단지,2,2.3
신대방삼거리,장승배기,7,2.4
신대방삼거리,보라매,7,2.4
신도림,영등포,1,2.7
신도림,구로,1,2.7
신도림,대림,2,2.3
신도림,문래,2,2.3
신도림,도림천,2_신정지선,2.2
신림,봉천,2,2.3
신림,신대방,2,2.3
신림,당곡,신림,1.8
신림,서원,신림,1.8
신매,고산,대구2,2.4
신매,사월,대구2,2.4
신목동,염창,9,2.7
신목동,선유도,9,2.7
신반포,구반포,9,2.7
신반포,고속터미널,9,2.7
신방화,공항시장,9,2.7
신방화,마곡나루,9,2.7
신사,압구정,3,2.4
신사,잠원,3,2.4
신사,논현,신분당,4.5
신설동,제기동,1,2.7
신설동,동묘앞,1,2.7
신설동,용두,2_성수지선,2.2
신설동,보문,우이신설,1.8
신용산,삼각지,4,2.6
신용산,이촌,4,2.6
신원,양수,경의중앙,3.0
신원,국수,경의중앙,3.0
신이문,석계,1,2.7
신이문,외대앞,1,2.7
신정,화곡,5,2.3
신정,목동,5,2.3
신정,까치산,5,2.3
신정네거리,양천구청,2_신정지선,2.2
신정네거리,까치산,2_신정지선,2.2
신중동,춘의,7,2.4
신중동,부천시청,7,2.4
신창,온양온천,1,2.7
신천(대구),칠성시장,대구1,2.3
신천(대구),동대구,대구1,2.3
신촌,홍대입구,2,2.3
신촌,이대,2,2.3
신촌(경의),가좌,경의중앙,3.0
신촌(경의),홍대입구,경의중앙,3.0
신탄진,조치원,무궁화,16.45
신탄진,오송_KTX,무궁화,17.55
신탄진,대전_KTX,버스환승,34.0
신탄진,세종터미널,버스환승,42.0
신탄진,세종정부청사BRT,버스환승,48.0
신평,서구청,부산1,2.2
신평,하단,부산1,2.2
신포,숭의,수인분당,3.0
신포,인천,수인분당,3.0
신풍,보라매,7,2.4
신풍,대림,7,2.4
신해운대,벡스코(동해),동해선,3.5
신해운대,기장,동해선,3.5
신흥,단대오거리,8,2.3
신흥,수진,8,2.3
신흥(대전),판암,대전1,2.5
신흥(대전),대동(대전),대전1,2.5
쌍문,창동,4,2.6
쌍문,수유,4,2.6
쌍암,평동,광주1,2.5
쌍암,공항(광주),광주1,2.5
쌍용,봉명,1,2.7
쌍용,아산,1,2.7
쌍촌,기아챔피언스필드,광주1,2.5
쌍촌,운천,광주1,2.5
아산,쌍용,1,2.7
아산,탕정,1,2.7
아산,천안,무궁화,5.0
아산,조치원,무궁화,23.65
아산,천안,무궁화,5.0
아산,온양온천,무궁화,7.72
아산,천안아산_KTX,KTX_TRANSFER,15.0
아산,강남,광역버스,105.0
아산,수원,광역버스,45.0
아신,국수,경의중앙,3.0
아신,오빈,경의중앙,3.0
아양교,동구청,대구1,2.3
아양교,동촌,대구1,2.3
아차산,군자,5,2.3
아차산,광나루,5,2.3
아현,이대,2,2.3
아현,충정로,2,2.3
안국,경복궁,3,2.4
안국,종로3가,3,2.4
안동_KTX,영주_KTX,KTX,18
안동_KTX,청량리_KTX,KTX,104
안동_KTX,영주_KTX,무궁화,23.3
안동_KTX,안동버스터미널,버스환승,10.0
안동버스터미널,고속터미널,고속버스,265.0
안동버스터미널,동대구,고속버스,95.0
안동버스터미널,청주,고속버스,145.0
안동버스터미널,원주,고속버스,135.0
안동버스터미널,동대구,고속버스,95.0
안동버스터미널,영주_KTX,고속버스,55.0
안동버스터미널,안동_KTX,버스환승,10.0
안락,충렬사,부산1,2.2
안락,양정(부산),부산1,2.2
안락,안락(동해),환승,3.0
안락(동해),동래(동해),동해선,3.5
안락(동해),부산원동,동해선,3.5
안락(동해),안락,환승,3.0
안산,초지,4,2.6
안산,신길온천,4,2.6
안산,초지,수인분당,3.0
안산,신길온천,수인분당,3.0
안산,강남,광역버스,60.0
안산,사당,광역버스,35.0
안성버스터미널,성남_GTX,버스환승,40.0
안성버스터미널,수서_SRT,버스환승,48.0
안성버스터미널,여주버스터미널,버스환승,192.0
안성버스터미널,강남,광역버스,85.0
안심,각산,대구1,2.3
안암,보문,6,2.3
안암,고려대,6,2.3
안양,관악,1,2.7
안양,명학,1,2.7
안양,고속터미널,광역버스,30.0
안양,사당,광역버스,25.0
안평,고촌(부산),부산4,2.0
암사,암사역사공원,8,2.3
암사,천호,8,2.3
암사역사공원,장자호수공원,8,2.3
암사역사공원,암사,8,2.3
압구정,옥수,3,2.4
압구정,신사,3,2.4
압구정로데오,서울숲,수인분당,3.0
압구정로데오,강남구청,수인분당,3.0
애오개,공덕,5,2.3
애오개,충정로,5,2.3
야당,운정,경의중앙,3.0
야당,탄현,경의중앙,3.0
야당,운정중앙_GTX,GTX_TRANSFER,5.0
야목,어천,수인분당,3.0
야목,사리,수인분당,3.0
야탑,모란,수인분당,3.0
야탑,이매,수인분당,3.0
약수,동대입구,3,2.4
약수,금호,3,2.4
약수,버티고개,6,2.3
약수,청구,6,2.3
양동시장,공항,광주1,2.5
양동시장,광주역,광주1,2.5
양동시장,고속터미널,고속버스,215.0
양동시장,남부터미널,고속버스,215.0
양동시장,군산버스터미널,고속버스,125.0
양동시장,전주버스터미널,고속버스,95.0
양동시장,대전복합터미널,고속버스,145.0
양동시장,순천버스터미널,고속버스,105.0
양동시장,목포버스터미널,고속버스,95.0
양동시장,여수버스터미널,고속버스,135.0
양동시장,노포,고속버스,240.0
양동시장,동대구,고속버스,165.0
양동시장,남원_KTX,고속버스,95.0
양산(부산),남양산,부산2,2.3
양수,운길산,경의중앙,3.0
양수,신원,경의중앙,3.0
양양버스터미널,강변,고속버스,190.0
양양버스터미널,속초버스터미널,고속버스,45.0
양양버스터미널,강릉버스터미널,고속버스,65.0
양원,망우,경의중앙,3.0
양원,구리,경의중앙,3.0
양재,남부터미널,3,2.4
양재,매봉,3,2.4
양재,강남,신분당,4.5
양재,양재시민의숲,신분당,4.5
양재시민의숲,양재,신분당,4.5
양재시민의숲,청계산입구,신분당,4.5
양정,도농,경의중앙,3.0
양정,덕소,경의중앙,3.0
양정(부산),안락,부산1,2.2
양정(부산),서면,부산1,2.2
양주,덕계,1,2.7
양주,녹양,1,2.7
양천구청,도림천,2_신정지선,2.2
양천구청,신정네거리,2_신정지선,2.2
양천향교,마곡나루,9,2.7
양천향교,가양,9,2.7
양촌,구래,김포골드,2.0
양평_5호선,오목교,5,2.3
양평_5호선,영등포구청,5,2.3
양평_KTX,청량리_KTX,KTX,18
양평_KTX,만종_KTX,KTX,22
양평_KTX,청량리_KTX,KTX,18
양평_KTX,서원주_KTX,KTX,24
양평_KTX,양평_경의중앙,KTX_TRANSFER,15.0
양평_KTX,가평버스터미널,고속버스,80.0
양평_경의중앙,오빈,경의중앙,3.0
양평_경의중앙,원덕,경의중앙,3.0
양평_경의중앙,양평_KTX,KTX_TRANSFER,15.0
어린이대공원,군자,7,2.4
어린이대공원,건대입구,7,2.4
어린이세상,수성시장,대구3,2.2
어린이세상,황금,대구3,2.2
어천,오목천,수인분당,3.0
어천,야목,수인분당,3.0
언주,신논현,9,2.7
언주,선정릉,9,2.7
여수EXPO_KTX,여천_KTX,KTX,6
여수EXPO_KTX,익산_KTX,KTX,77
여수EXPO_KTX,여천_KTX,무궁화,7.01
여수EXPO_KTX,순천_KTX,새마을,19.42
여수EXPO_KTX,여수버스터미널,버스환승,15.0
여수EXPO_KTX,여천_KTX,버스환승,62.0
여수버스터미널,고속터미널,고속버스,310.0
여수버스터미널,남부터미널,고속버스,305.0
여수버스터미널,양동시장,고속버스,135.0
여수버스터미널,순천버스터미널,고속버스,70.0
여수버스터미널,여수EXPO_KTX,버스환승,15.0
여수버스터미널,여천_KTX,버스환승,42.0
여의나루,여의도,5,2.3
여의나루,마포,5,2.3
여의도,신길,5,2.3
여의도,여의나루,5,2.3
여의도,국회의사당,9,2.7
여의도,샛강,9,2.7
여주버스터미널,안성버스터미널,버스환승,192.0
여주버스터미널,강남,광역버스,95.0
여천_KTX,순천_KTX,KTX,14
여천_KTX,여수EXPO_KTX,KTX,6
여천_KTX,순천_KTX,무궁화,20.99
여천_KTX,여수EXPO_KTX,무궁화,7.01
여천_KTX,여수버스터미널,버스환승,42.0
여천_KTX,여수EXPO_KTX,버스환승,62.0
역곡,온수,1,2.7
역곡,소사,1,2.7
역삼,선릉,2,2.3
역삼,강남,2,2.3
역촌,응암,6,2.3
역촌,불광,6,2.3
연산,논산,무궁화,5.0
연산,강경,무궁화,8.18
연산(3),물만골,부산3,2.0
연산(3),배산,부산3,2.0
연산(3),연산(부산),환승,3.0
연산(부산),시청(부산),부산1,2.2
연산(부산),교대(부산),부산1,2.2
연산(부산),연산(3),환승,3.0
연수,원인재,수인분당,3.0
연수,송도,수인분당,3.0
연신내,구파발,3,2.4
연신내,불광,3,2.4
연신내,독바위,6,2.3
연신내,구산,6,2.3
연신내,대곡,GTX-A,15.0
연신내,서울역,GTX-A,18.0
염창,등촌,9,2.7
염창,신목동,9,2.7
영남대,임당,대구2,2.4
영대병원,송현(대구),대구1,2.3
영대병원,강창,대구1,2.3
영동,옥천,무궁화,20.2
영동,황간,무궁화,6.5
영동,옥천,새마을,14.14
영동,김천,새마을,18.16
영등포,신길,1,2.7
영등포,신도림,1,2.7
영등포,서울역,무궁화,6.1
영등포,수원,무궁화,24.75
영등포,서울역,무궁화,6.1
영등포,수원,무궁화,24.75
영등포,서울역,새마을,5.0
영등포,수원,새마을,17.32
영등포,서울역,새마을,5.0
영등포,수원,새마을,17.32
영등포,서울역,새마을,5.0
영등포,수원,새마을,17.32
영등포구청,문래,2,2.3
영등포구청,당산,2,2.3
영등포구청,양평_5호선,5,2.3
영등포구청,영등포시장,5,2.3
영등포시장,영등포구청,5,2.3
영등포시장,신길,5,2.3
영산대,석대,부산4,2.0
영산대,윗반송,부산4,2.0
영주_KTX,풍기_KTX,KTX,9
영주_KTX,안동_KTX,KTX,18
영주_KTX,풍기_KTX,무궁화,8.95
영주_KTX,안동_KTX,무궁화,23.3
영주_KTX,동대구,고속버스,90.0
영주_KTX,구미버스터미널,고속버스,95.0
영주_KTX,안동버스터미널,고속버스,55.0
영주_KTX,충주버스터미널,고속버스,125.0
영통,청명,수인분당,3.0
영통,망포,수인분당,3.0
예미,민둥산,무궁화,5.0
예미,사북,무궁화,6.23
예산,삽교,무궁화,9.7
예산,홍성,무궁화,16.3
예산,천안,새마을,18.17
예산,홍성,새마을,11.41
오근장,조치원,무궁화,11.73
오근장,청주,무궁화,5.0
오금,경찰병원,3,2.4
오금,방이,5,2.3
오금,개롱,5,2.3
오룡(대전),서대전네거리,대전1,2.5
오룡(대전),용문(대전),대전1,2.5
오류동,개봉,1,2.7
오류동,온수,1,2.7
오리,미금,수인분당,3.0
오리,죽전,수인분당,3.0
오목교,목동,5,2.3
오목교,양평_5호선,5,2.3
오목천,고색,수인분당,3.0
오목천,어천,수인분당,3.0
오빈,아신,경의중앙,3.0
오빈,양평_경의중앙,경의중앙,3.0
오산,오산대,1,2.7
오산,진위,1,2.7
오산,강남,광역버스,75.0
오산,사당,광역버스,60.0
오산대,세마,1,2.7
오산대,오산,1,2.7
오송_KTX,천안아산_KTX,KTX,10
오송_KTX,대전_KTX,KTX,12
오송_KTX,공주_KTX,KTX,13
오송_KTX,지제,KTX,27
오송_KTX,대전_KTX,KTX,12
오송_KTX,지제,KTX,27
오송_KTX,공주_KTX,KTX,13
오송_KTX,광주송정_KTX,KTX,65
오송_KTX,수서_SRT,KTX,34
오송_KTX,신탄진,무궁화,17.55
오송_KTX,대전_KTX,무궁화,28.64
오송_KTX,조치원,버스환승,8.0
오송_KTX,청주공항,버스환승,12.0
오송_KTX,청주,버스환승,56.0
오송_KTX,오송버스환승센터,도보,2.0
오송버스환승센터,조치원,버스환승,5.0
오송버스환승센터,오송_KTX,도보,2.0
오송버스환승센터,세종정부청사BRT,광역버스,25.0
오송버스환승센터,세종터미널,광역버스,25.0
오송버스환승센터,대전역(지하철),광역버스,60.0
오송버스환승센터,반석,광역버스,45.0
오송버스환승센터,구암(대전),광역버스,40.0
오송버스환승센터,청주공항,광역버스,30.0
오송버스환승센터,청주,광역버스,30.0
오수,임실,무궁화,9.65
오수,남원_KTX,무궁화,11.26
오이도,정왕,4,2.6
오이도,정왕,수인분당,3.0
오이도,달월,수인분당,3.0
옥수,금호,3,2.4
옥수,압구정,3,2.4
옥수,한남,경의중앙,3.0
옥수,응봉,경의중앙,3.0
옥천,대전_KTX,무궁화,10.83
옥천,영동,무궁화,20.2
옥천,대전_KTX,새마을,7.58
옥천,영동,새마을,14.14
온수,오류동,1,2.7
온수,역곡,1,2.7
온수,천왕,7,2.4
온수,까치울,7,2.4
온양온천,배방,1,2.7
온양온천,신창,1,2.7
온양온천,아산,무궁화,7.72
온양온천,삽교,무궁화,16.58
온천장,부산대,부산1,2.2
온천장,시청(부산),부산1,2.2
올림픽공원,둔촌동,5,2.3
올림픽공원,방이,5,2.3
올림픽공원,한성백제,9,2.7
올림픽공원,둔촌오륜,9,2.7
왕십리,상왕십리,2,2.3
왕십리,한양대,2,2.3
왕십리,행당,5,2.3
왕십리,마장,5,2.3
왕십리,청량리,수인분당,3.0
왕십리,서울숲,수인분당,3.0
왕십리,응봉,경의중앙,3.0
왕십리,청량리,경의중앙,3.0
왜관,구미,무궁화,14.2
왜관,동대구_KTX,무궁화,19.8
외대앞,신이문,1,2.7
외대앞,회기,1,2.7
용답,성수,2_성수지선,2.2
용답,신답,2_성수지선,2.2
용두,신답,2_성수지선,2.2
용두,신설동,2_성수지선,2.2
용마산,사가정,7,2.4
용마산,중곡,7,2.4
용문,원덕,경의중앙,3.0
용문,지평,경의중앙,3.0
용문(대전),오룡(대전),대전1,2.5
용문(대전),탄방,대전1,2.5
용산,남영,1,2.7
용산,노량진,1,2.7
용산,효창공원앞,경의중앙,3.0
용산,이촌,경의중앙,3.0
용산(대구),이곡,대구1,2.3
용산(대구),죽전(대구),대구1,2.3
용인_GTX,용인버스터미널,버스환승,46.0
용인_GTX,성남_GTX,GTX-A,15.0
용인_GTX,동탄_SRT,GTX-A,18.0
용인_GTX,기흥,GTX_TRANSFER,5.0
용인버스터미널,기흥,버스환승,25.0
용인버스터미널,용인_GTX,버스환승,46.0
용인버스터미널,수서_SRT,버스환승,46.0
용인버스터미널,수원종합터미널,버스환승,80.0
용인버스터미널,서울_KTX,버스환승,80.0
용인버스터미널,강남,광역버스,40.0
용지,범물,대구3,2.2
우장산,발산,5,2.3
우장산,화곡,5,2.3
운길산,팔당,경의중앙,3.0
운길산,양수,경의중앙,3.0
운서,청라국제도시,공항,4.0
운서,공항화물청사,공항,4.0
운양,장기,김포골드,2.0
운양,걸포북변,김포골드,2.0
운정,문산,경의중앙,3.0
운정,야당,경의중앙,3.0
운정중앙_GTX,파주버스터미널,버스환승,8.0
운정중앙_GTX,킨텍스_GTX,버스환승,12.0
운정중앙_GTX,서울_KTX,버스환승,28.0
운정중앙_GTX,킨텍스_GTX,GTX-A,13.0
운정중앙_GTX,야당,GTX_TRANSFER,5.0
운천,쌍촌,광주1,2.5
운천,상무,광주1,2.5
울산_KTX,신경주_KTX,KTX,9
울산_KTX,부산_KTX,KTX,21
울산_KTX,신경주_KTX,KTX,9
울산_KTX,부산_KTX,KTX,21
울산_KTX,울산고속버스터미널,버스환승,25.0
울산_KTX,울산고속버스터미널,버스환승,30.0
울산고속버스터미널,경주버스터미널,고속버스,55.0
울산고속버스터미널,고속터미널,고속버스,215.0
울산고속버스터미널,노포,고속버스,65.0
울산고속버스터미널,동대구,고속버스,75.0
울산고속버스터미널,대전복합터미널,고속버스,155.0
울산고속버스터미널,울산_KTX,버스환승,25.0
울산고속버스터미널,울산_KTX,버스환승,30.0
원당,화정,3,2.4
원당,원흥,3,2.4
원대,팔달시장,대구3,2.2
원대,북구청,대구3,2.2
원덕,양평_경의중앙,경의중앙,3.0
원덕,용문,경의중앙,3.0
원인재,남동인더스파크,수인분당,3.0
원인재,연수,수인분당,3.0
원주,청량리,무궁화,69.92
원주,제천_KTX,무궁화,29.69
원주,청량리,무궁화,69.92
원주,봉양,무궁화,32.76
원주,강변,고속버스,115.0
원주,상봉,고속버스,110.0
원주,강릉버스터미널,고속버스,95.0
원주,충주,고속버스,65.0
원주,안동버스터미널,고속버스,135.0
원주,원주버스터미널,버스환승,10.0
원주,원주버스터미널,버스환승,20.0
원주,만종_KTX,버스환승,7.0
원주,서원주_KTX,버스환승,17.0
원주버스터미널,홍천버스터미널,고속버스,65.0
원주버스터미널,제천버스터미널,고속버스,60.0
원주버스터미널,고속터미널,고속버스,115.0
원주버스터미널,강변,고속버스,105.0
원주버스터미널,원주,버스환승,10.0
원주버스터미널,원주,버스환승,20.0
원주버스터미널,만종_KTX,버스환승,11.0
원주버스터미널,서원주_KTX,버스환승,22.0
원주버스터미널,속초버스터미널,광역버스,105.0
원흥,원당,3,2.4
원흥,삼송,3,2.4
월계,녹천,1,2.7
월계,광운대,1,2.7
월곡,고려대,6,2.3
월곡,상월곡,6,2.3
월곶,달월,수인분당,3.0
월곶,소래포구,수인분당,3.0
월내,좌천,동해선,3.5
월내,서생,동해선,3.5
월드컵경기장,디지털미디어시티,6,2.3
월드컵경기장,마포구청,6,2.3
월드컵경기장(대전),현충원,대전1,2.5
월드컵경기장(대전),노은,대전1,2.5
월배,진천,대구1,2.3
월배,상인,대구1,2.3
월촌,상인,대구1,2.3
월촌,송현(대구),대구1,2.3
월평,갈마,대전1,2.5
월평,유성온천,대전1,2.5
윗반송,영산대,부산4,2.0
윗반송,고촌(부산),부산4,2.0
유성버스터미널,고속터미널,고속버스,125.0
유성버스터미널,구암(대전),버스환승,5.0
유성버스터미널,대전복합터미널,버스환승,32.0
유성버스터미널,대전_KTX,버스환승,48.0
유성온천,월평,대전1,2.5
유성온천,구암(대전),대전1,2.5
율리,화명,부산2,2.3
율리,동원,부산2,2.3
을지로3가,을지로입구,2,2.3
을지로3가,을지로4가,2,2.3
을지로3가,종로3가,3,2.4
을지로3가,충무로,3,2.4
을지로4가,을지로3가,2,2.3
을지로4가,동대문역사문화공원,2,2.3
을지로4가,종로3가,5,2.3
을지로4가,동대문역사문화공원,5,2.3
을지로입구,시청,2,2.3
을지로입구,을지로3가,2,2.3
음성,증평,무궁화,16.57
음성,충주,무궁화,18.61
응봉,옥수,경의중앙,3.0
응봉,왕십리,경의중앙,3.0
응암,역촌,6,2.3
응암,구산,6,2.3
응암,새절,6,2.3
의왕,당정,1,2.7
의왕,성균관대,1,2.7
의정부,가능,1,2.7
의정부,회룡,1,2.7
의정부,의정부버스터미널,도보,5.0
의정부버스터미널,성남_GTX,버스환승,34.0
의정부버스터미널,수원종합터미널,버스환승,66.0
의정부버스터미널,의정부,도보,5.0
의정부버스터미널,수유,광역버스,25.0
의정부버스터미널,창동,광역버스,20.0
이곡,성서산업단지,대구1,2.3
이곡,용산(대구),대구1,2.3
이대,신촌,2,2.3
이대,아현,2,2.3
이매,야탑,수인분당,3.0
이매,서현,수인분당,3.0
이천버스터미널,성남_GTX,버스환승,32.0
이천버스터미널,수서_SRT,버스환승,40.0
이천버스터미널,강남,광역버스,75.0
이촌,신용산,4,2.6
이촌,동작,4,2.6
이촌,용산,경의중앙,3.0
이촌,서빙고,경의중앙,3.0
이태원,녹사평,6,2.3
이태원,한강진,6,2.3
익산_KTX,공주_KTX,KTX,18
익산_KTX,정읍_KTX,KTX,17
익산_KTX,전주_KTX,KTX,15
익산_KTX,공주_KTX,KTX,18
익산_KTX,정읍_KTX,KTX,17
익산_KTX,서울_KTX,KTX,82
익산_KTX,여수EXPO_KTX,KTX,77
익산_KTX,수서_SRT,KTX,74
익산_KTX,함열,무궁화,5.0
익산_KTX,김제,무궁화,13.95
익산_KTX,군산,무궁화,19.07
익산_KTX,전주_KTX,무궁화,18.08
익산_KTX,논산,새마을,18.38
익산_KTX,정읍_KTX,새마을,25.36
익산_KTX,논산,새마을,18.38
익산_KTX,전주_KTX,새마을,12.66
익산_KTX,군산,새마을,13.35
익산_KTX,익산버스터미널,버스환승,10.0
익산_KTX,함열,버스환승,18.0
익산_KTX,익산버스터미널,도보,15.0
익산버스터미널,고속터미널,고속버스,190.0
익산버스터미널,전주버스터미널,고속버스,40.0
익산버스터미널,광주버스터미널,고속버스,70.0
익산버스터미널,익산_KTX,버스환승,10.0
익산버스터미널,함열,버스환승,26.0
익산버스터미널,익산_KTX,도보,15.0
인덕원,정부과천청사,4,2.6
인덕원,평촌,4,2.6
인천,동인천,1,2.7
인천,신포,수인분당,3.0
인천,강남,광역버스,60.0
인천공항1터미널,공항화물청사,공항,4.0
인천공항1터미널,인천공항2터미널,공항,4.0
인천공항2터미널,인천공항1터미널,공항,4.0
인천논현,소래포구,수인분당,3.0
인천논현,호구포,수인분당,3.0
인하대,송도,수인분당,3.0
인하대,숭의,수인분당,3.0
일산,탄현,경의중앙,3.0
일산,풍산,경의중앙,3.0
일산,합정,광역버스,35.0
일산,강남,광역버스,65.0
일산,킨텍스_GTX,GTX_TRANSFER,8.0
일원,대청,3,2.4
일원,수서,3,2.4
임당,정평,대구2,2.4
임당,영남대,대구2,2.4
임실,전주_KTX,무궁화,24.25
임실,오수,무궁화,9.65
자갈치,남포,부산1,2.2
자갈치,토성,부산1,2.2
잠실,잠실나루,2,2.3
잠실,잠실새내,2,2.3
잠실,몽촌토성,8,2.3
잠실,석촌,8,2.3
잠실,하남풍산,광역버스,25.0
잠실,하남시청,광역버스,30.0
잠실,하남검단산,광역버스,35.0
잠실,광주버스터미널(경기),광역버스,50.0
잠실나루,강변,2,2.3
잠실나루,잠실,2,2.3
잠실새내,잠실,2,2.3
잠실새내,종합운동장,2,2.3
잠원,신사,3,2.4
잠원,고속터미널,3,2.4
장기,마산,김포골드,2.0
장기,운양,김포골드,2.0
장산,중동(2),부산2,2.3
장승배기,상도,7,2.4
장승배기,신대방삼거리,7,2.4
장암,도봉산,7,2.4
장자호수공원,구리,8,2.3
장자호수공원,암사역사공원,8,2.3
장전,구서,부산1,2.2
장전,부산대,부산1,2.2
장지,문정,8,2.3
장지,복정,8,2.3
장한평,답십리,5,2.3
장한평,군자,5,2.3
장항,서천,무궁화,6.97
장항,군산,무궁화,5.0
장항,군산버스터미널,버스환승,32.0
장항,군산,버스환승,52.0
재송,부산원동,동해선,3.5
재송,센텀(동해),동해선,3.5
전주_KTX,익산_KTX,KTX,15
전주_KTX,남원_KTX,KTX,22
전주_KTX,익산_KTX,무궁화,18.08
전주_KTX,임실,무궁화,24.25
전주_KTX,익산_KTX,새마을,12.66
전주_KTX,남원_KTX,새마을,31.21
전주_KTX,전주버스터미널,버스환승,25.0
전주_KTX,전주버스터미널,광역버스,20.0
전주버스터미널,고속터미널,고속버스,170.0
전주버스터미널,남부터미널,고속버스,175.0
전주버스터미널,세종터미널,고속버스,85.0
전주버스터미널,대전복합터미널,고속버스,95.0
전주버스터미널,군산버스터미널,고속버스,75.0
전주버스터미널,양동시장,고속버스,95.0
전주버스터미널,남원_KTX,고속버스,70.0
전주버스터미널,정읍_KTX,고속버스,60.0
전주버스터미널,익산버스터미널,고속버스,40.0
전주버스터미널,전주_KTX,버스환승,25.0
전주버스터미널,전주_KTX,광역버스,20.0
전포,국제금융센터·부산은행,부산2,2.3
전포,서면(2),부산2,2.3
정릉,북한산보국문,우이신설,1.8
정릉,성신여대입구,우이신설,1.8
정발산,주엽,3,2.4
정발산,마두,3,2.4
정부과천청사,과천,4,2.6
정부과천청사,인덕원,4,2.6
정부청사(대전),시청(대전),대전1,2.5
정부청사(대전),갈마,대전1,2.5
정왕,신길온천,4,2.6
정왕,오이도,4,2.6
정왕,신길온천,수인분당,3.0
정왕,오이도,수인분당,3.0
정읍_KTX,익산_KTX,KTX,17
정읍_KTX,광주송정_KTX,KTX,17
정읍_KTX,익산_KTX,KTX,17
정읍_KTX,광주송정_KTX,KTX,17
정읍_KTX,김제,무궁화,22.57
정읍_KTX,광주송정_KTX,무궁화,41.22
정읍_KTX,익산_KTX,새마을,25.36
정읍_KTX,광주송정_KTX,새마을,28.85
정읍_KTX,남부터미널,고속버스,175.0
정읍_KTX,군산버스터미널,고속버스,80.0
정읍_KTX,전주버스터미널,고속버스,60.0
정자,수내,수인분당,3.0
정자,미금,수인분당,3.0
정자,판교,신분당,4.5
정자,미금,신분당,4.5
정평,사월,대구2,2.4
정평,임당,대구2,2.4
제기동,청량리,1,2.7
제기동,신설동,1,2.7
제물포,도화,1,2.7
제물포,도원,1,2.7
제천_KTX,서원주_KTX,KTX,28
제천_KTX,단양_KTX,KTX,15
제천_KTX,원주,무궁화,29.69
제천_KTX,태백,무궁화,59.45
제천_KTX,민둥산,무궁화,58.46
제천_KTX,봉양,무궁화,5.0
제천_KTX,단양_KTX,무궁화,18.11
제천_KTX,제천버스터미널,버스환승,10.0
제천_KTX,봉양,버스환승,14.0
제천_KTX,제천버스터미널,도보,25.0
제천버스터미널,원주버스터미널,고속버스,60.0
제천버스터미널,단양_KTX,고속버스,45.0
제천버스터미널,고속터미널,고속버스,160.0
제천버스터미널,강변,고속버스,135.0
제천버스터미널,제천_KTX,버스환승,10.0
제천버스터미널,봉양,버스환승,18.0
제천버스터미널,제천_KTX,도보,25.0
조치원,아산,무궁화,23.65
조치원,신탄진,무궁화,16.45
조치원,오근장,무궁화,11.73
조치원,천안,새마을,16.19
조치원,대전_KTX,새마을,19.19
조치원,오송_KTX,버스환승,8.0
조치원,오송버스환승센터,버스환승,5.0
조치원,청주공항,버스환승,8.0
조치원,청주,버스환승,22.0
조치원,세종터미널,버스환승,52.0
조치원,세종정부청사BRT,버스환승,56.0
종각,종로3가,1,2.7
종각,시청,1,2.7
종로3가,종로5가,1,2.7
종로3가,종각,1,2.7
종로3가,안국,3,2.4
종로3가,을지로3가,3,2.4
종로3가,광화문,5,2.3
종로3가,을지로4가,5,2.3
종로5가,동대문,1,2.7
종로5가,종로3가,1,2.7
종합운동장,잠실새내,2,2.3
종합운동장,삼성,2,2.3
종합운동장,봉은사,9,2.7
종합운동장,삼전,9,2.7
좌천,기장,동해선,3.5
좌천,월내,동해선,3.5
좌천(1호선),범일,부산1,2.2
좌천(1호선),부산진(부산1),부산1,2.2
주례,냉정,부산2,2.3
주례,감전,부산2,2.3
주안,간석,1,2.7
주안,도화,1,2.7
주엽,대화,3,2.4
주엽,정발산,3,2.4
죽전,오리,수인분당,3.0
죽전,보정,수인분당,3.0
죽전(대구),용산(대구),대구1,2.3
죽전(대구),감삼,대구1,2.3
중계,노원,7,2.4
중계,하계,7,2.4
중곡,용마산,7,2.4
중곡,군자,7,2.4
중구청(대전),중앙로(대전),대전1,2.5
중구청(대전),서대전네거리,대전1,2.5
중동,부천,1,2.7
중동,송내,1,2.7
중동(2),장산,부산2,2.3
중동(2),해운대,부산2,2.3
중랑,회기,경의중앙,3.0
중랑,상봉,경의중앙,3.0
중앙,한대앞,4,2.6
중앙,고잔,4,2.6
중앙,한대앞,수인분당,3.0
중앙,고잔,수인분당,3.0
중앙(부산),부산역,부산1,2.2
중앙(부산),남포,부산1,2.2
중앙로(대구),반월당,대구1,2.3
중앙로(대구),대구역,대구1,2.3
중앙로(대전),대전역(지하철),대전1,2.5
중앙로(대전),중구청(대전),대전1,2.5
중앙보훈병원,둔촌오륜,9,2.7
중화,먹골,7,2.4
중화,상봉,7,2.4
증미,가양,9,2.7
증미,등촌,9,2.7
증산,새절,6,2.3
증산,디지털미디어시티,6,2.3
증산(부산2),호포,부산2,2.3
증산(부산2),남양산,부산2,2.3
증평,청주공항,무궁화,8.94
증평,음성,무궁화,16.57
지게골,못골,부산2,2.3
지게골,문현,부산2,2.3
지산,수성못,대구3,2.2
지산,범물,대구3,2.2
지제,서정리,1,2.7
지제,평택,1,2.7
지제,동탄_SRT,KTX,10
지제,오송_KTX,KTX,27
지제,동탄_SRT,KTX,10
지제,오송_KTX,KTX,27
지족,노은,대전1,2.5
지족,반석,대전1,2.5
지축,삼송,3,2.4
지축,구파발,3,2.4
지평,용문,경의중앙,3.0
지행,동두천중앙,1,2.7
지행,덕정,1,2.7
직산,성환,1,2.7
직산,두정,1,2.7
진부_KTX,평창_KTX,KTX,11
진부_KTX,강릉_KTX,KTX,19
진영_KTX,밀양_KTX,KTX,15
진영_KTX,창원중앙_KTX,KTX,8
진영_KTX,밀양_KTX,무궁화,16.77
진영_KTX,함안,무궁화,28.77
진영_KTX,창원종합버스터미널,버스환승,34.0
진영_KTX,창원_KTX,버스환승,50.0
진영_KTX,마산_KTX,버스환승,58.0
진위,오산,1,2.7
진위,송탄,1,2.7
진주_KTX,마산_KTX,KTX,28
진주_KTX,마산_KTX,무궁화,36.67
진주_KTX,하동,무궁화,29.67
진주_KTX,진주버스터미널,도보,25.0
진주버스터미널,고속터미널,고속버스,285.0
진주버스터미널,남부터미널,고속버스,285.0
진주버스터미널,사상,고속버스,95.0
진주버스터미널,마산버스터미널,고속버스,65.0
진주버스터미널,통영버스터미널,고속버스,80.0
진주버스터미널,거제버스터미널,고속버스,90.0
진주버스터미널,동대구,고속버스,125.0
진주버스터미널,진주_KTX,도보,25.0
진주버스터미널,마산버스터미널,광역버스,55.0
진천,대곡(대구),대구1,2.3
진천,월배,대구1,2.3
창동,방학,1,2.7
창동,녹천,1,2.7
창동,노원,4,2.6
창동,쌍문,4,2.6
창동,의정부버스터미널,광역버스,20.0
창신,동묘앞,6,2.3
창신,보문,6,2.3
창원_KTX,창원중앙_KTX,KTX,5
창원_KTX,마산_KTX,KTX,6
창원_KTX,창원중앙_KTX,무궁화,6.29
창원_KTX,마산_KTX,무궁화,5.0
창원_KTX,마산_KTX,버스환승,5.0
창원_KTX,창원종합버스터미널,버스환승,5.0
창원_KTX,마산버스터미널,버스환승,8.0
창원_KTX,창원중앙_KTX,버스환승,44.0
창원_KTX,진영_KTX,버스환승,50.0
창원종합버스터미널,고속터미널,고속버스,295.0
창원종합버스터미널,노포,고속버스,65.0
창원종합버스터미널,대전복합터미널,고속버스,175.0
창원종합버스터미널,진영_KTX,버스환승,34.0
창원종합버스터미널,창원_KTX,버스환승,5.0
창원종합버스터미널,마산_KTX,버스환승,5.0
창원종합버스터미널,창원중앙_KTX,도보,15.0
창원종합버스터미널,마산버스터미널,광역버스,20.0
창원종합버스터미널,창원중앙_KTX,광역버스,15.0
창원중앙_KTX,진영_KTX,KTX,8
창원중앙_KTX,창원_KTX,KTX,5
창원중앙_KTX,함안,무궁화,21.92
창원중앙_KTX,창원_KTX,무궁화,6.29
창원중앙_KTX,창원_KTX,버스환승,44.0
창원중앙_KTX,마산_KTX,버스환승,60.0
창원중앙_KTX,마산버스터미널,버스환승,68.0
창원중앙_KTX,창원종합버스터미널,도보,15.0
창원중앙_KTX,창원종합버스터미널,광역버스,15.0
천마산,평내호평,경춘,3.5
천마산,마석,경춘,3.5
천안,두정,1,2.7
천안,봉명,1,2.7
천안,수원,무궁화,44.99
천안,아산,무궁화,5.0
천안,수원,무궁화,44.99
천안,논산,무궁화,59.42
천안,아산,무궁화,5.0
천안,수원,새마을,31.49
천안,조치원,새마을,16.19
천안,수원,새마을,31.49
천안,논산,새마을,41.59
천안,수원,새마을,31.49
천안,논산,새마을,41.59
천안,예산,새마을,18.17
천안,고속터미널,고속버스,105.0
천안,세종터미널,고속버스,40.0
천안,대전복합터미널,고속버스,65.0
천안,청주,고속버스,55.0
천안,보령버스터미널,고속버스,125.0
천안,당진버스터미널,고속버스,85.0
천안,강남,광역버스,85.0
천안,수원,광역버스,50.0
천안아산_KTX,광명_KTX,KTX,27
천안아산_KTX,오송_KTX,KTX,10
천안아산_KTX,아산,KTX_TRANSFER,15.0
천왕,광명사거리,7,2.4
천왕,온수,7,2.4
천호,광나루,5,2.3
천호,강동,5,2.3
천호,암사,8,2.3
천호,강동구청,8,2.3
철산,가산디지털단지,7,2.4
철산,광명사거리,7,2.4
청계산입구,양재시민의숲,신분당,4.5
청계산입구,판교,신분당,4.5
청구,동대문역사문화공원,5,2.3
청구,신금호,5,2.3
청구,약수,6,2.3
청구,신당,6,2.3
청담,뚝섬유원지,7,2.4
청담,강남구청,7,2.4
청라국제도시,검암,공항,4.0
청라국제도시,운서,공항,4.0
청라언덕,반고개,대구2,2.4
청라언덕,반월당(2),대구2,2.4
청량리,회기,1,2.7
청량리,제기동,1,2.7
청량리,왕십리,수인분당,3.0
청량리,왕십리,경의중앙,3.0
청량리,회기,경의중앙,3.0
청량리,원주,무궁화,69.92
청량리,원주,무궁화,69.92
청량리,청량리_KTX,KTX_TRANSFER,15.0
청량리_KTX,서울_KTX,KTX,8
청량리_KTX,양평_KTX,KTX,18
청량리_KTX,양평_KTX,KTX,18
청량리_KTX,안동_KTX,KTX,104
청량리_KTX,청량리,KTX_TRANSFER,15.0
청명,상갈,수인분당,3.0
청명,영통,수인분당,3.0
청주,오근장,무궁화,5.0
청주,청주공항,무궁화,7.23
청주,고속터미널,고속버스,100.0
청주,세종터미널,고속버스,50.0
청주,대전복합터미널,고속버스,50.0
청주,천안,고속버스,55.0
청주,충주,고속버스,65.0
청주,안동버스터미널,고속버스,145.0
청주,청주공항,버스환승,12.0
청주,조치원,버스환승,22.0
청주,오송_KTX,버스환승,56.0
청주,오송버스환승센터,광역버스,30.0
청주,세종터미널,광역버스,40.0
청주,대전역(지하철),광역버스,50.0
청주공항,청주,무궁화,7.23
청주공항,증평,무궁화,8.94
청주공항,조치원,버스환승,8.0
청주공항,청주,버스환승,12.0
청주공항,오송_KTX,버스환승,12.0
청주공항,세종정부청사BRT,광역버스,45.0
청주공항,세종터미널,광역버스,50.0
청주공항,오송버스환승센터,광역버스,30.0
청평,대성리,경춘,3.5
청평,상천,경춘,3.5
체육공원,강서구청,부산3,2.0
체육공원,삼락,부산3,2.0
초량,부산진(부산1),부산1,2.2
초량,부산역,부산1,2.2
초지,고잔,4,2.6
초지,안산,4,2.6
초지,고잔,수인분당,3.0
초지,안산,수인분당,3.0
총신대입구,동작,4,2.6
총신대입구,사당,4,2.6
총신대입구,내방,7,2.4
총신대입구,남성,7,2.4
추풍령,황간,무궁화,14.98
추풍령,김천,무궁화,19.69
춘의,부천종합운동장,7,2.4
춘의,신중동,7,2.4
춘천,남춘천,경춘,3.5
춘천,강변,고속버스,105.0
춘천,상봉,고속버스,95.0
춘천,홍천버스터미널,고속버스,55.0
춘천,가평버스터미널,고속버스,60.0
충렬사,서동,부산1,2.2
충렬사,안락,부산1,2.2
충렬사(4),낙민,부산4,2.0
충렬사(4),명장(4),부산4,2.0
충무로,을지로3가,3,2.4
충무로,동대입구,3,2.4
충무로,동대문역사문화공원,4,2.6
충무로,명동,4,2.6
충정로,아현,2,2.3
충정로,시청,2,2.3
충정로,애오개,5,2.3
충정로,서대문,5,2.3
충주,음성,무궁화,18.61
충주,봉양,무궁화,22.08
충주,고속터미널,고속버스,165.0
충주,강변,고속버스,130.0
충주,청주,고속버스,65.0
충주,원주,고속버스,65.0
충주,충주버스터미널,버스환승,15.0
충주,충주버스터미널,버스환승,20.0
충주버스터미널,영주_KTX,고속버스,125.0
충주버스터미널,고속터미널,고속버스,135.0
충주버스터미널,강변,고속버스,120.0
충주버스터미널,대전복합터미널,고속버스,80.0
충주버스터미널,충주,버스환승,15.0
충주버스터미널,충주,버스환승,20.0
칠곡경대병원,학정,대구3,2.2
칠곡운암,동천(대구),대구3,2.2
칠곡운암,구암,대구3,2.2
칠성시장,대구역,대구1,2.3
칠성시장,신천(대구),대구1,2.3
킨텍스_GTX,운정중앙_GTX,버스환승,12.0
킨텍스_GTX,파주버스터미널,버스환승,22.0
킨텍스_GTX,운정중앙_GTX,GTX-A,13.0
킨텍스_GTX,대곡,GTX-A,14.0
킨텍스_GTX,일산,GTX_TRANSFER,8.0
탄방,용문(대전),대전1,2.5
탄방,시청(대전),대전1,2.5
탄현,야당,경의중앙,3.0
탄현,일산,경의중앙,3.0
탕정,아산,1,2.7
탕정,배방,1,2.7
태릉입구,석계,6,2.3
태릉입구,화랑대,6,2.3
태릉입구,공릉,7,2.4
태릉입구,먹골,7,2.4
태백,제천_KTX,무궁화,59.45
태백,동해,무궁화,35.75
태백버스터미널,강변,고속버스,225.0
태백버스터미널,강릉버스터미널,고속버스,95.0
태백버스터미널,동해,고속버스,80.0
태백버스터미널,삼척버스터미널,고속버스,65.0
태전,구암,대구3,2.2
태전,매천,대구3,2.2
태평,가천대,수인분당,3.0
태평,모란,수인분당,3.0
태화강,덕하,동해선,3.5
토성,자갈치,부산1,2.2
토성,동대신,부산1,2.2
통영버스터미널,고속터미널,고속버스,310.0
통영버스터미널,남부터미널,고속버스,295.0
통영버스터미널,노포,고속버스,130.0
통영버스터미널,마산버스터미널,고속버스,70.0
통영버스터미널,진주버스터미널,고속버스,80.0
통영버스터미널,거제버스터미널,고속버스,50.0
퇴계원,별내,경춘,3.5
퇴계원,사릉,경춘,3.5
파주버스터미널,운정중앙_GTX,버스환승,8.0
파주버스터미널,킨텍스_GTX,버스환승,22.0
파주버스터미널,합정,광역버스,75.0
파주버스터미널,강남,광역버스,90.0
판교,청계산입구,신분당,4.5
판교,정자,신분당,4.5
판교,성남_GTX,GTX_TRANSFER,5.0
판암,신흥(대전),대전1,2.5
팔거,매천시장,대구3,2.2
팔거,공단,대구3,2.2
팔달,학정,대구3,2.2
팔달,동천(대구),대구3,2.2
팔달시장,만평,대구3,2.2
팔달시장,원대,대구3,2.2
팔당,도심,경의중앙,3.0
팔당,운길산,경의중앙,3.0
평내호평,금곡,경춘,3.5
평내호평,천마산,경춘,3.5
평동,대촌,광주1,2.5
평동,쌍암,광주1,2.5
평창_KTX,둔내_KTX,KTX,10
평창_KTX,진부_KTX,KTX,11
평촌,인덕원,4,2.6
평촌,범계,4,2.6
평택,지제,1,2.7
평택,성환,1,2.7
포항_KTX,동대구_KTX,KTX,20
포항_KTX,경주,무궁화,22.43
포항_KTX,포항버스터미널,도보,15.0
포항버스터미널,고속터미널,고속버스,270.0
포항버스터미널,동대구,고속버스,85.0
포항버스터미널,경주버스터미널,고속버스,75.0
포항버스터미널,포항_KTX,도보,15.0
풍기_KTX,단양_KTX,KTX,12
풍기_KTX,영주_KTX,KTX,9
풍기_KTX,단양_KTX,무궁화,17.26
풍기_KTX,영주_KTX,무궁화,8.95
풍무,사우,김포골드,2.0
풍무,고촌,김포골드,2.0
풍산,일산,경의중앙,3.0
풍산,백마,경의중앙,3.0
하계,중계,7,2.4
하계,공릉,7,2.4
하남검단산,하남시청,5,2.3
하남검단산,잠실,광역버스,35.0
하남시청,하남풍산,5,2.3
하남시청,하남검단산,5,2.3
하남시청,잠실,광역버스,30.0
하남풍산,미사,5,2.3
하남풍산,하남시청,5,2.3
하남풍산,잠실,광역버스,25.0
하남풍산,강변,광역버스,23.0
하단,신평,부산1,2.2
하동,진주_KTX,무궁화,29.67
하동,광양,무궁화,13.27
학동,강남구청,7,2.4
학동,논현,7,2.4
학동·증심사입구,남광주,광주1,2.5
학동·증심사입구,소태,광주1,2.5
학여울,대치,3,2.4
학여울,대청,3,2.4
학정,칠곡경대병원,대구3,2.2
학정,팔달,대구3,2.2
한강진,이태원,6,2.3
한강진,버티고개,6,2.3
한남,서빙고,경의중앙,3.0
한남,옥수,경의중앙,3.0
한대앞,상록수,4,2.6
한대앞,중앙,4,2.6
한대앞,사리,수인분당,3.0
한대앞,중앙,수인분당,3.0
한성대입구,성신여대입구,4,2.6
한성대입구,혜화,4,2.6
한성백제,송파나루,9,2.7
한성백제,올림픽공원,9,2.7
한양대,왕십리,2,2.3
한양대,뚝섬,2,2.3
한티,선릉,수인분당,3.0
한티,도곡,수인분당,3.0
함안,진영_KTX,무궁화,28.77
함안,창원중앙_KTX,무궁화,21.92
함열,강경,무궁화,17.79
함열,익산_KTX,무궁화,5.0
함열,익산_KTX,버스환승,18.0
함열,익산버스터미널,버스환승,26.0
합정,당산,2,2.3
합정,홍대입구,2,2.3
합정,망원,6,2.3
합정,상수,6,2.3
합정,일산,광역버스,35.0
합정,파주버스터미널,광역버스,75.0
해안,동촌,대구1,2.3
해안,방촌,대구1,2.3
해운대,중동(2),부산2,2.3
해운대,동백,부산2,2.3
행당,신금호,5,2.3
행당,왕십리,5,2.3
행신,능곡,경의중앙,3.0
행신,강매,경의중앙,3.0
현충원,구암(대전),대전1,2.5
현충원,월드컵경기장(대전),대전1,2.5
혜화,한성대입구,4,2.6
혜화,동대문,4,2.6
호구포,인천논현,수인분당,3.0
호구포,남동인더스파크,수인분당,3.0
호포,금곡(부산),부산2,2.3
호포,증산(부산2),부산2,2.3
홍대입구,합정,2,2.3
홍대입구,신촌,2,2.3
홍대입구,공덕,공항,4.0
홍대입구,디지털미디어시티,공항,4.0
홍대입구,신촌(경의),경의중앙,3.0
홍대입구,서강대,경의중앙,3.0
홍성,예산,무궁화,16.3
홍성,보령,무궁화,25.83
홍성,예산,새마을,11.41
홍성,보령,새마을,18.08
홍성,대전역(지하철),광역버스,95.0
홍성,고속터미널,광역버스,135.0
홍성,서산버스터미널,광역버스,40.0
홍제,녹번,3,2.4
홍제,무악재,3,2.4
홍천버스터미널,강변,고속버스,115.0
홍천버스터미널,상봉,고속버스,110.0
홍천버스터미널,춘천,고속버스,55.0
홍천버스터미널,원주버스터미널,고속버스,65.0
홍천버스터미널,강릉버스터미널,고속버스,95.0
홍천버스터미널,가평버스터미널,고속버스,75.0
홍천버스터미널,횡성_KTX,버스환승,40.0
화계,가오리,우이신설,1.8
화계,삼양,우이신설,1.8
화곡,우장산,5,2.3
화곡,신정,5,2.3
화랑대,태릉입구,6,2.3
화랑대,봉화산,6,2.3
화명,수정,부산2,2.3
화명,율리,부산2,2.3
화서,성균관대,1,2.7
화서,수원,1,2.7
화원,설화명곡,대구1,2.3
화원,대곡(대구),대구1,2.3
화전,강매,경의중앙,3.0
화전,수색,경의중앙,3.0
화정,대곡,3,2.4
화정,원당,3,2.4
화정(광주),농성,광주1,2.5
화정(광주),기아챔피언스필드,광주1,2.5
황간,영동,무궁화,6.5
황간,추풍령,무궁화,14.98
황금,어린이세상,대구3,2.2
황금,수성못,대구3,2.2
회기,외대앞,1,2.7
회기,청량리,1,2.7
회기,청량리,경의중앙,3.0
회기,중랑,경의중앙,3.0
회룡,의정부,1,2.7
회룡,망월사,1,2.7
회현,명동,4,2.6
회현,서울역,4,2.6
횡성_KTX,만종_KTX,KTX,10
횡성_KTX,둔내_KTX,KTX,8
횡성_KTX,홍천버스터미널,버스환승,40.0
횡성_KTX,둔내_KTX,버스환승,56.0
효창공원앞,공덕,6,2.3
효창공원앞,삼각지,6,2.3
효창공원앞,공덕,경의중앙,3.0
효창공원앞,용산,경의중앙,3.0
흑석,노들,9,2.7
흑석,동작,9,2.7
